date,World,Albania,Andorra,Austria,Belarus,Belgium,Bosnia and Herzegovina,Bulgaria,Croatia,Czech Republic,Denmark,Estonia,Finland,France,Germany,Greece,Hungary,Ireland,Italy,Kosovo,Latvia,Liechtenstein,Lithuania,Luxembourg,Moldova,Montenegro,Netherlands,Norway,Poland,Portugal,Romania,Slovakia,Slovenia,Spain,Sweden,Switzerland,Ukraine,United Kingdom
2019.12.31,27,,,,,,,,,,,,,,,,,,,,,,,,,,,,,,,,,,,,,
2020.01.01,27,,,,,,,,,,,,,,,,,,,,,,,,,,,,,,,,,,,,,
2020.01.02,27,,,,,,,,,,,,,,,,,,,,,,,,,,,,,,,,,,,,,
2020.01.03,44,,,,,,,,,,,,,,,,,,,,,,,,,,,,,,,,,,,,,
2020.01.04,44,,,,,,,,,,,,,,,,,,,,,,,,,,,,,,,,,,,,,
2020.01.05,59,,,,,,,,,,,,,,,,,,,,,,,,,,,,,,,,,,,,,
2020.01.06,59,,,,,,,,,,,,,,,,,,,,,,,,,,,,,,,,,,,,,
2020.01.07,59,,,,,,,,,,,,,,,,,,,,,,,,,,,,,,,,,,,,,
2020.01.08,59,,,,,,,,,,,,,,,,,,,,,,,,,,,,,,,,,,,,,
2020.01.09,59,,,,,,,,,,,,,,,,,,,,,,,,,,,,,,,,,,,,,
2020.01.10,59,,,,,,,,,,,,,,,,,,,,,,,,,,,,,,,,,,,,,
2020.01.11,59,,,,,,,,,,,,,,,,,,,,,,,,,,,,,,,,,,,,,
2020.01.12,59,,,,,,,,,,,,,,,,,,,,,,,,,,,,,,,,,,,,,
2020.01.13,60,,,,,,,,,,,,,,,,,,,,,,,,,,,,,,,,,,,,,
2020.01.14,61,,,,,,,,,,,,,,,,,,,,,,,,,,,,,,,,,,,,,
2020.01.15,62,,,,,,,,,,,,,,,,,,,,,,,,,,,,,,,,,,,,,
2020.01.16,62,,,,,,,,,,,,,,,,,,,,,,,,,,,,,,,,,,,,,
2020.01.17,67,,,,,,,,,,,,,,,,,,,,,,,,,,,,,,,,,,,,,
2020.01.18,84,,,,,,,,,,,,,,,,,,,,,,,,,,,,,,,,,,,,,
2020.01.19,220,,,,,,,,,,,,,,,,,,,,,,,,,,,,,,,,,,,,,
2020.01.20,240,,,,,,,,,,,,,,,,,,,,,,,,,,,,,,,,,,,,,
2020.01.21,393,,,,,,,,,,,,,,,,,,,,,,,,,,,,,,,,,,,,,
2020.01.22,535,,,,,,,,,,,,,,,,,,,,,,,,,,,,,,,,,,,,,
2020.01.23,632,,,,,,,,,,,,,,,,,,,,,,,,,,,,,,,,,,,,,
2020.01.24,898,,,,,,,,,,,,,,,,,,,,,,,,,,,,,,,,,,,,,
2020.01.25,1351,,,,,,,,,,,,,3,,,,,,,,,,,,,,,,,,,,,,,,
2020.01.26,2024,,,,,,,,,,,,,3,,,,,,,,,,,,,,,,,,,,,,,,
2020.01.27,2821,,,,,,,,,,,,,3,,,,,,,,,,,,,,,,,,,,,,,,
2020.01.28,4588,,,,,,,,,,,,,3,1,,,,,,,,,,,,,,,,,,,,,,,
2020.01.29,6068,,,,,,,,,,,,,4,4,,,,,,,,,,,,,,,,,,,,,,,
2020.01.30,7825,,,,,,,,,,,,1,5,4,,,,,,,,,,,,,,,,,,,,,,,
2020.01.31,9826,,,,,,,,,,,,1,6,5,,,,3,,,,,,,,,,,,,,,,,,,
2020.02.01,11947,,,,,,,,,,,,1,6,7,,,,3,,,,,,,,,,,,,,,1,,,,2
2020.02.02,14555,,,,,,,,,,,,1,6,8,,,,3,,,,,,,,,,,,,,,1,,,,2
2020.02.03,17373,,,,,,,,,,,,1,6,9,,,,3,,,,,,,,,,,,,,,1,,,,2
2020.02.04,20616,,,,,1,,,,,,,1,6,11,,,,3,,,,,,,,,,,,,,,1,,,,2
2020.02.05,24525,,,,,1,,,,,,,1,6,11,,,,3,,,,,,,,,,,,,,,1,1,,,3
2020.02.06,28276,,,,,1,,,,,,,1,6,11,,,,3,,,,,,,,,,,,,,,1,1,,,3
2020.02.07,31494,,,,,1,,,,,,,1,6,12,,,,3,,,,,,,,,,,,,,,1,1,,,4
2020.02.08,34936,,,,,1,,,,,,,1,11,13,,,,3,,,,,,,,,,,,,,,1,1,,,4
2020.02.09,37554,,,,,1,,,,,,,1,11,13,,,,3,,,,,,,,,,,,,,,1,1,,,4
2020.02.10,40546,,,,,1,,,,,,,1,11,13,,,,3,,,,,,,,,,,,,,,2,1,,,8
2020.02.11,43109,,,,,1,,,,,,,1,11,13,,,,3,,,,,,,,,,,,,,,2,1,,,9
2020.02.12,45181,,,,,1,,,,,,,1,11,15,,,,3,,,,,,,,,,,,,,,2,1,,,9
2020.02.13,60332,,,,,1,,,,,,,1,11,15,,,,3,,,,,,,,,,,,,,,2,1,,,10
2020.02.14,64547,,,,,1,,,,,,,1,11,15,,,,3,,,,,,,,,,,,,,,2,1,,,10
2020.02.15,67107,,,,,1,,,,,,,1,11,15,,,,3,,,,,,,,,,,,,,,2,1,,,10
2020.02.16,69269,,,,,1,,,,,,,1,11,15,,,,3,,,,,,,,,,,,,,,2,1,,,10
2020.02.17,71336,,,,,1,,,,,,,1,12,15,,,,3,,,,,,,,,,,,,,,2,1,,,10
2020.02.18,73331,,,,,1,,,,,,,1,12,15,,,,3,,,,,,,,,,,,,,,2,1,,,10
2020.02.19,75195,,,,,1,,,,,,,1,12,15,,,,3,,,,,,,,,,,,,,,2,1,,,10
2020.02.20,75727,,,,,1,,,,,,,1,12,15,,,,3,,,,,,,,,,,,,,,2,1,,,10
2020.02.21,76723,,,,,1,,,,,,,1,12,15,,,,3,,,,,,,,,,,,,,,2,1,,,10
2020.02.22,77808,,,,,1,,,,,,,1,12,15,,,,17,,,,,,,,,,,,,,,2,1,,,10
2020.02.23,78818,,,,,1,,,,,,,1,12,15,,,,79,,,,,,,,,,,,,,,2,1,,,11
2020.02.24,79341,,,,,1,,,,,,,1,12,15,,,,132,,,,,,,,,,,,,,,2,1,,,11
2020.02.25,80136,,,,,1,,,,,,,1,12,15,,,,229,,,,,,,,,,,,,,,3,1,,,11
2020.02.26,81003,,,2,,1,,,1,,,,1,14,17,,,,322,,,,,,,,,,,,,,,9,1,1,,13
2020.02.27,82117,,,2,,1,,,2,,1,,2,17,21,1,,,400,,,,,,,,,1,,,1,,,17,2,1,,18
2020.02.28,83388,,,5,1,1,,,3,,1,1,2,38,47,3,,,650,,,,1,,,,1,4,,,1,,,35,3,8,,22
2020.02.29,85248,,,7,1,1,,,5,,2,1,3,57,57,4,,,888,,,,1,,,,2,6,,,3,,,54,11,12,,30
2020.03.01,87091,,,10,1,19,,,5,,3,1,3,100,111,7,,1,1128,,,,1,1,,,7,15,,,3,,,82,14,18,,42
2020.03.02,89159,,,14,1,19,,,7,3,4,1,6,130,129,7,,1,1689,,,,1,1,,,13,19,,,3,,,136,14,24,,47
2020.03.03,91017,,1,18,,38,,,8,5,5,,,178,157,,,,2036,,1,,,,,,18,25,,2,,,,192,19,30,,69
2020.03.04,93332,,,24,4,72,,,9,5,8,2,7,212,196,,,2,2502,,,,,,,,28,33,1,4,4,,,267,32,37,1,109
2020.03.05,95689,,,29,6,125,,,,8,10,,,285,262,10,2,6,3089,,,1,,,,,38,56,,5,,,1,348,62,57,,164
2020.03.06,98749,,,41,,206,2,,10,12,20,5,12,423,400,32,,13,3858,,,,,,,,82,86,,9,6,,6,531,87,87,,220
2020.03.07,102869,,,74,,316,,,11,19,23,10,19,613,684,45,4,18,4636,,,,,3,,,128,113,5,13,7,1,9,764,146,209,,271
2020.03.08,106849,,,99,,343,,2,12,26,31,,,716,847,66,7,19,5883,,2,,,,1,,188,147,6,21,13,3,12,1094,179,264,,352
2020.03.09,111026,2,,102,,407,,4,,32,38,,30,1126,902,73,8,21,7375,,3,,,5,,,265,169,11,30,15,5,16,1527,225,332,,412
2020.03.10,115846,6,,131,,501,,,,40,113,,40,1412,1139,84,9,,9172,,6,,,,,,321,192,17,39,17,,,2299,326,374,,469
2020.03.11,120963,10,,182,9,600,,,13,63,264,13,,1784,1296,90,12,35,10149,,8,,3,7,3,,382,277,22,41,25,7,31,3274,424,490,,617
2020.03.12,128885,11,,246,12,774,3,7,16,94,516,16,59,2281,1567,99,13,43,12462,,10,3,3,7,4,,503,489,31,59,45,10,57,4427,620,642,,876
2020.03.13,138359,23,,361,21,1024,3,23,25,116,676,27,155,2876,2369,133,16,70,15113,,16,4,,26,6,,614,621,49,78,64,21,96,5958,771,854,3,1282
2020.03.14,148823,33,2,504,,1362,,31,31,150,804,79,183,3661,3062,190,25,91,17660,2,19,4,6,38,8,,804,621,68,112,89,30,141,7641,923,1121,,1766
2020.03.15,161014,38,,655,,1541,,41,37,214,827,115,210,4499,3795,228,31,129,21157,5,26,4,9,,20,,959,907,104,169,113,44,181,9785,994,1359,,2244
2020.03.16,173503,42,5,860,27,1755,18,51,48,298,875,171,267,5423,4838,331,39,169,23980,13,31,7,14,77,23,,1135,1077,125,245,139,61,219,11491,1063,2200,3,2605
2020.03.17,187741,51,14,1016,36,2142,21,62,56,344,932,205,272,6633,6012,352,50,223,27980,16,36,7,17,81,29,,1413,1169,177,331,184,84,253,13994,1146,2200,5,3047
2020.03.18,204835,55,14,1332,36,2564,30,81,69,434,1024,225,319,7730,7156,387,50,292,31506,19,61,7,25,140,30,2,1705,1308,238,448,217,97,275,17688,1265,2650,14,3658
2020.03.19,225124,59,53,1646,46,3099,35,92,81,522,1115,258,369,9134,8198,418,73,366,35713,20,71,25,33,210,36,8,2051,1423,287,642,260,107,286,21735,1410,3003,19,4427
2020.03.20,256328,70,75,2196,57,3812,44,105,104,694,1151,267,400,10995,14138,464,85,557,41035,21,86,25,48,345,49,13,2460,1552,355,785,277,123,319,26304,1553,3863,26,5426
2020.03.21,288313,70,75,2649,57,4474,62,127,126,904,1255,283,450,12612,18187,495,103,683,47021,24,111,34,69,484,66,14,2994,1742,425,1020,308,137,341,31750,1733,4806,26,6481
2020.03.22,322547,76,88,3024,76,4943,92,163,206,995,1326,306,521,14459,21463,530,131,785,53578,31,124,36,105,670,80,14,3631,1926,536,1280,367,178,383,36616,1869,6077,41,7736
2020.03.23,356817,89,113,3631,76,5429,125,185,235,1165,1395,326,626,16018,24774,624,167,906,59138,33,139,46,143,798,94,21,4204,2132,634,1600,433,185,414,41262,1987,6971,47,8934
2020.03.24,401377,100,133,4486,81,6757,131,201,306,1236,1460,352,700,19856,29212,695,187,1125,63927,61,180,46,179,875,109,27,4749,2371,749,2060,576,191,442,48953,2169,8015,73,10312
2020.03.25,443921,123,164,5282,81,7952,164,220,382,1394,1591,369,792,22302,31554,743,226,1329,69176,63,197,47,209,1099,125,47,5560,2566,901,2362,762,204,480,57506,2399,8789,84,12650
2020.03.26,497746,146,188,5888,86,9151,173,242,418,1654,1724,404,880,25233,36508,821,261,1564,74386,71,221,51,274,1333,149,53,6412,2916,1051,2995,906,216,528,66460,2713,9714,113,15025
2020.03.27,558855,174,224,7029,86,10514,213,264,495,2062,1877,538,958,29155,42288,892,300,1819,80539,86,244,56,299,1453,177,67,7431,3156,1221,3544,1029,226,577,75641,2999,10714,156,17717
2020.03.28,624047,186,267,7697,94,12034,233,293,586,2279,2046,575,1025,32964,48582,966,343,2121,86498,92,280,60,358,1605,199,75,8603,3581,1389,4268,1292,295,632,83885,3364,12104,218,20804
2020.03.29,686894,197,308,8291,94,12879,257,331,657,2663,2201,640,1218,37575,52547,1061,408,2415,92472,95,305,61,394,1831,231,84,9762,3845,1638,5170,1452,295,691,90309,3664,13152,311,24001
2020.03.30,744262,212,334,8813,94,13563,323,346,713,2829,2395,679,1218,40174,57298,1156,447,2615,97689,98,376,62,484,1950,263,85,10866,4102,1862,5962,1760,336,730,96122,3944,14274,418,26823
2020.03.31,808984,223,370,9618,105,15302,353,359,790,3002,2577,715,1313,44550,61913,1212,492,2910,101739,110,376,64,484,1988,298,91,11750,4226,2055,6408,1952,336,763,104267,4360,15412,480,29681
2020.04.01,883829,243,376,10182,152,16983,413,399,867,3308,2860,745,1384,52128,67366,1314,525,3235,105792,117,398,68,533,2178,353,109,12595,4447,2311,7443,2245,363,814,111680,4835,16108,549,33954
2020.04.02,961465,259,390,10711,152,18500,464,422,963,3589,3107,779,1446,56989,73522,1375,585,3447,110574,130,446,72,581,2319,423,123,13614,4665,2554,8251,2460,400,841,119263,5321,17070,794,38468
2020.04.03,1039111,277,428,11129,254,19978,532,457,1011,3858,3386,858,1518,59105,79696,1514,623,3849,115242,138,458,75,649,2487,505,144,14697,4935,2946,9034,2738,426,897,126535,5875,18194,897,43381
2020.04.04,1121114,304,439,11525,351,21672,586,485,1079,4190,3757,961,1615,64338,85778,1613,678,4273,119827,147,493,75,771,2612,591,174,15723,5208,3383,9886,3183,450,934,133198,6476,19227,1072,48249
2020.04.05,1206388,333,466,11766,394,22595,632,503,1126,4472,4077,1018,1882,68605,91714,1673,733,4604,124632,155,509,77,771,2729,752,201,16627,5510,3627,10524,3613,471,977,138731,6833,20201,1225,53160
2020.04.06,1272649,361,501,11983,564,23261,663,531,1182,4587,4369,1097,1927,70478,95391,1735,744,5111,128948,165,533,78,811,2804,864,214,17851,5640,4102,11278,3864,485,997,142398,7173,21022,1308,57180
2020.04.07,1345952,377,526,12297,700,25195,695,549,1222,4822,4681,1108,2176,74390,99225,1755,817,5364,132547,191,542,78,843,2843,965,233,18803,5755,4413,11730,4057,534,1021,147607,7562,21574,1319,60772
2020.04.08,1423300,383,545,12640,861,26710,781,577,1282,5017,5071,1149,2308,78167,103228,1832,895,5709,135586,210,548,78,880,2970,1056,241,19580,5863,4848,12442,4417,581,1055,153190,8300,22164,1462,66054
2020.04.09,1508390,400,564,12969,1066,28308,816,593,1343,5312,5402,1185,2487,82048,108202,1884,980,6224,139422,224,577,79,912,3034,1174,249,20549,6010,5205,13141,4761,682,1091,158935,8954,22710,1668,71504
2020.04.10,1595798,409,583,13248,1486,30547,875,624,1407,5569,5635,1207,2605,86334,113525,1955,1190,7393,143626,227,589,79,955,3115,1289,252,21762,6160,5575,13956,5202,701,1124,163472,9599,23495,1892,76635
2020.04.11,1685428,416,601,13560,1981,32883,901,635,1495,5732,5819,1258,2769,90676,117658,2011,1310,8089,147577,250,612,80,999,3223,1438,257,23097,6244,5955,15472,5467,715,1160,168022,10053,24228,2203,81493
2020.04.12,1760783,433,622,13807,2226,33914,948,661,1534,5902,5996,1304,2905,93790,120479,2081,1410,8928,152271,283,630,80,1053,3270,1560,263,24413,6320,6356,15987,5990,728,1188,171921,10448,24820,2511,85806
2020.04.13,1829304,446,638,13937,2578,34438,1007,675,1600,5991,6174,1309,2974,95403,123016,2114,1458,9655,156363,362,651,80,1062,3281,1662,272,25587,6415,6674,16585,6300,742,1205,174951,10912,25220,2777,89385
2020.04.14,1894563,467,646,14043,2919,34976,1028,685,1650,6059,6318,1332,3064,98076,125098,2145,1512,10647,159516,380,655,81,1070,3292,1712,274,26551,6488,6934,16934,6633,769,1212,178067,11349,25499,3102,92874
2020.04.15,1971537,475,659,14234,3281,36536,1073,713,1704,6141,6511,1373,3161,103573,127584,2170,1579,11479,162488,395,657,81,1070,3307,1934,283,27419,6566,7202,17448,6879,835,1220,182491,11828,25753,3372,97052
2020.04.16,2050356,494,673,14370,3728,38169,1100,747,1741,6303,6681,1402,3237,106206,130450,2192,1652,12547,165155,436,666,81,1091,3373,2049,288,28153,6677,7582,18091,7216,863,1248,186311,12432,26336,3764,101378
2020.04.17,2134784,518,682,14448,4204,39844,1152,800,1791,6433,6879,1434,3369,108847,133830,2207,1763,13271,168941,466,675,81,1149,3444,2154,303,29214,6791,7918,18841,7707,977,1268,190129,13055,26651,4161,106443
2020.04.18,2217056,539,696,14603,4779,41239,1210,846,1814,6549,7073,1459,3489,109252,137439,2207,1834,13980,172434,502,682,81,1239,3480,2264,303,30449,6791,8379,19022,8067,1049,1304,193965,13743,26997,4462,111735
2020.04.19,2296749,548,704,14662,5297,41961,1254,878,1832,6654,7242,1512,3681,111821,139897,2207,1916,14758,175925,533,712,82,1298,3537,2351,307,31589,6984,8742,19685,8418,1089,1317,193252,14275,27322,5106,116691
2020.04.20,2367256,562,713,14710,5807,42405,1269,915,1871,6787,7384,1528,3783,112606,141672,2235,1984,15251,178972,561,727,82,1326,3550,2472,308,32655,7068,9287,20206,8746,1161,1330,195470,14663,27658,5449,121412
2020.04.21,2441922,584,717,14783,6264,43683,1300,929,1881,6914,7515,1535,3868,114657,143457,2245,2098,15652,181228,598,739,82,1350,3558,2548,312,33405,7113,9593,20863,8936,1173,1335,198421,15124,27826,5710,125265
2020.04.22,2529232,609,717,14833,6723,44953,1340,975,1908,7041,7695,1552,4014,117324,145694,2401,2168,16040,183957,604,748,82,1370,3618,2614,313,34134,7166,9856,21379,9242,1199,1340,200733,15831,27981,6125,130119
2020.04.23,2595836,634,723,14924,7281,45731,1367,1024,1950,7136,7912,1559,4129,119151,148046,2408,2284,16671,187327,630,761,82,1398,3654,2778,315,34842,7250,10169,21982,9710,1244,1353,203649,16553,28186,6592,134879
2020.04.24,2674625,663,724,14985,8022,46707,1413,1097,1981,7188,8073,1592,4284,120804,150383,2463,2383,17607,189973,669,778,82,1410,3665,2926,319,35729,7345,10511,22353,10096,1325,1366,205763,17311,28414,7170,140366
2020.04.25,2747774,678,731,15068,8773,47518,1420,1188,2009,7273,8210,1605,4395,122577,152438,2490,2443,18184,192994,703,784,82,1410,3695,3110,319,36535,7408,10892,23271,10417,1360,1373,208269,18091,28595,7647,145524
2020.04.26,2847622,712,733,15134,9590,47906,1485,1247,2016,7352,8445,1635,4475,124114,154175,2506,2500,18561,195351,731,804,83,1426,3711,3304,320,37190,7467,11273,23683,10635,1373,1388,209910,18564,28811,8125,150494
2020.04.27,2929454,726,740,15189,10463,48111,1516,1300,2030,7404,8575,1643,4576,124575,155193,2506,2583,19262,197675,764,812,83,1438,3723,3408,321,37845,7505,11617,23846,11036,1379,1407,211570,18864,28978,8617,154242
2020.04.28,2996235,736,743,15256,11289,48866,1564,1363,2039,7449,8698,1647,4695,125770,156337,2534,2649,19648,199414,786,818,83,1449,3729,3481,321,38245,7533,11902,24144,11339,1381,1407,213095,19427,29081,9009,157715
2020.04.29,3069060,750,743,15314,12208,49435,1588,1399,2047,7504,8851,1660,4740,126835,157641,2534,2727,19877,201505,798,836,83,1344,3741,3638,321,38416,7605,12218,24324,11616,1384,1408,213942,20169,29181,9410,162421
2020.04.30,3148567,766,743,15364,13181,49957,1689,1447,2062,7579,9008,1666,4906,128442,159119,2576,2775,20253,203591,808,849,83,1375,3769,3771,322,38802,7667,12640,24692,11978,1391,1418,215183,20968,29324,9866,167150
2020.05.01,3234241,773,745,15424,14027,50543,1757,1506,2076,7682,9158,1689,4995,129581,160758,2591,2863,20612,205463,820,858,83,1385,3784,3897,322,39316,7710,12877,24987,12240,1396,1429,216570,21604,29503,10406,172592
2020.05.02,3322771,782,746,15458,14917,50780,1782,1588,2085,7737,9311,1694,5051,130185,161703,2591,2942,20833,207428,829,870,83,1399,3802,3980,322,39791,7759,13105,25351,12567,1403,1434,217804,22136,29622,10861,177558
2020.05.03,3403410,789,747,15470,15828,51066,1840,1594,2088,7755,9407,1699,5179,130979,162496,2620,2998,21176,209328,840,871,83,1406,3812,4052,322,40236,7759,13375,25190,12732,1407,1439,218739,22435,29734,11411,182295
2020.05.04,3480427,795,748,15538,16705,51206,1857,1618,2096,7781,9523,1700,5254,131287,163175,2626,3035,21506,210717,851,879,83,1410,3824,4121,322,40571,7809,13693,25524,13163,1408,1439,219205,22696,29822,11913,185524
2020.05.05,3558034,803,750,15569,17489,51876,1926,1652,2101,7819,9670,1703,5327,131863,163860,2632,3065,21722,211938,855,896,83,1419,3828,4248,323,40770,7847,14006,25524,13512,1413,1445,220244,23173,29898,12331,188506
2020.05.06,3637592,820,751,15586,18350,52423,1946,1689,2112,7896,9821,1711,5412,132967,164807,2642,3111,21983,213013,856,896,83,1423,3840,4363,324,41087,7903,14431,25702,13837,1421,1448,221124,23830,29926,12697,191895
2020.05.07,3725894,832,751,15651,19255,52975,1986,1778,2119,7974,9983,1713,5573,137150,166091,2663,3150,22248,214457,860,900,83,1428,3851,4476,324,41319,7953,14740,26182,14107,1429,1449,222045,24575,29977,13184,195577
2020.05.08,3818711,842,752,15673,20168,53417,2027,1829,2125,8031,10083,1720,5673,137779,167300,2678,3178,22385,215858,861,909,83,1433,3859,4605,324,41774,7995,15047,26715,14499,1445,1450,223218,25359,30043,13691,199404
2020.05.09,3908407,850,752,15735,21101,53900,2070,1911,2161,8077,10218,1725,5738,138421,168551,2691,3213,22541,217185,862,928,83,1436,3871,4728,324,42093,8034,15366,27268,14811,1455,1454,223961,26059,30124,14195,203171
2020.05.10,3996830,856,754,15777,22052,54140,2092,1955,2176,8095,10319,1733,5880,138854,169218,2710,3263,22760,218268,870,930,83,1444,3877,4867,324,42382,8069,15651,27406,15131,1455,1457,227377,26568,30168,14710,206234
2020.05.11,4071365,868,755,15787,22973,54258,2117,1965,2187,8123,10429,1739,5962,139063,169575,2716,3284,22996,219070,884,939,83,1479,3886,4927,324,42627,8099,15996,27581,15362,1457,1460,227770,26847,30222,15232,208391
2020.05.12,4142732,872,756,15874,23906,54734,2142,1990,2196,8176,10513,1741,5984,139519,170508,2726,3313,23135,219814,895,946,83,1485,3888,4995,324,42788,8106,16326,27679,15588,1457,1461,228252,27302,30261,15648,210720
2020.05.13,4229850,876,758,15910,24873,55129,2158,2023,2207,8221,10591,1746,6003,140227,171306,2744,3341,23242,221216,919,950,83,1491,3894,5154,324,42984,8135,16921,27913,15778,1465,1463,228691,28056,30297,16023,214306
2020.05.14,4317352,880,760,15964,25825,55450,2181,2069,2213,8269,10667,1751,6054,140734,172239,2760,3380,23401,222104,927,951,83,1505,3904,5406,324,43211,8158,17204,28132,16002,1469,1464,229540,28754,30330,16425,217708
2020.05.15,4414532,898,761,16005,26772,55755,2216,2100,2221,8351,10713,1758,6145,141356,173152,2770,3417,23827,223096,945,962,83,1511,3915,5553,324,43481,8175,17615,28319,16247,1477,1465,230183,29411,30380,16847,221015
2020.05.16,4512768,916,761,16068,27730,56102,2237,2138,2222,8406,10791,1766,6228,141919,173772,2810,3473,23956,223885,955,970,83,1523,3923,5745,324,43681,8197,18016,28583,16437,1480,1465,230698,30099,30431,17330,223643
2020.05.17,4605735,933,761,16140,28681,56249,2267,2211,2224,8455,10858,1770,6286,142291,174355,2819,3509,24048,224760,978,997,83,1534,3930,5934,324,43870,8197,18257,28810,16704,1493,1466,231350,30457,30489,17858,226169
2020.05.18,4684784,946,761,16154,29650,56330,2289,2235,2226,8475,10927,1774,6347,142411,174697,2834,3535,24112,225435,985,1008,83,1541,3945,6060,324,43995,8197,18529,29036,16871,1494,1466,231606,30716,30504,18291,228248
2020.05.19,4772741,948,761,16179,30572,56647,2303,2259,2228,8586,10968,1784,6380,142903,175210,2836,3556,24200,225886,988,1009,83,1547,3947,6138,324,44141,8249,18885,29209,17036,1495,1467,232037,31146,30514,18616,230086
2020.05.20,4869123,949,761,16257,31508,56939,2319,2292,2232,8647,11044,1791,6399,143427,176007,2840,3598,24251,226699,989,1012,83,1562,3958,6340,324,44249,8257,19268,29432,17191,1495,1468,232555,31812,30535,18876,232675
2020.05.21,4974096,964,762,16275,32426,57324,2334,2331,2234,8721,11117,1794,6443,143845,176752,2850,3641,24315,227364,1003,1016,83,1577,3971,6553,324,44447,8268,19739,29660,17387,1496,1468,233037,32620,30575,19230,235727
2020.05.22,5082867,969,762,16332,33371,57394,2352,2372,2237,8754,11182,1800,6493,144163,177212,2853,3678,24391,228006,1004,1025,83,1594,3980,6704,324,44700,8268,20143,29912,17585,1502,1468,234824,33230,30611,19706,238445
2020.05.23,5189678,981,762,16361,34303,57642,2372,2408,2243,8813,11230,1807,6537,144566,177850,2873,3713,24506,228658,1025,1030,83,1604,3981,6847,324,44888,8309,20619,30200,17712,1503,1468,235290,33762,30624,20148,241019
2020.05.24,5288624,989,762,16407,35244,57765,2391,2408,2243,8890,11289,1821,6568,144806,178281,2876,3741,24582,229327,1032,1046,83,1616,3990,6994,324,45064,8309,20931,30471,17857,1504,1468,235772,34165,30642,20580,243081
2020.05.25,5380876,998,763,16439,36198,57840,2400,2433,2244,8957,11360,1823,6579,144921,178570,2878,3756,24639,229858,1032,1047,83,1623,3992,7093,324,45236,8309,21326,30623,18070,1509,1469,235400,34375,30653,20986,244608
2020.05.26,5471826,1004,763,16459,37144,58154,2405,2433,2244,9004,11387,1824,6599,145279,179002,2882,3771,24698,230158,1038,1049,83,1635,3993,7147,324,45445,8352,21631,30788,18283,1511,1469,236259,34866,30663,21245,245972
2020.05.27,5566467,1029,763,16497,38059,58356,2415,2460,2244,9050,11428,1834,6628,145555,179364,2892,3793,24735,230555,1047,1053,83,1639,3995,7305,324,45578,8364,22074,31007,18429,1513,1469,236769,35612,30678,21584,247596
2020.05.28,5670283,1050,763,16515,38956,58538,2434,2460,2244,9086,11480,1840,6692,145746,179717,2903,3816,24803,231139,1048,1057,83,1647,4001,7537,324,45768,8383,22473,31292,18594,1515,1471,237906,36412,30678,21905,249268
2020.05.29,5789611,1076,763,16543,39858,58709,2462,2485,2245,9140,11512,1851,6743,149071,180458,2906,3841,24841,231732,1052,1061,83,1656,4008,7725,324,45950,8401,22825,31596,18791,1520,1473,238564,37186,30713,22382,251103
2020.05.30,5912799,1099,764,16594,40764,58874,2484,2499,2245,9196,11593,1859,6776,149668,181196,2909,3841,24876,232248,1064,1064,83,1662,4012,7896,324,46126,8411,23155,31946,18982,1520,1473,239228,37959,30745,22811,252863
2020.05.31,6040563,1122,764,16638,41658,58935,2493,2513,2246,9230,11633,1865,6826,151496,181482,2915,3867,24929,232664,1070,1065,83,1670,4016,8098,324,46257,8411,23571,32203,19133,1521,1473,239429,38391,30762,23204,254390
2020.06.01,6146189,1137,764,16642,42556,58984,2509,2513,2246,9273,11669,1869,6859,151753,181815,2917,3876,24990,233019,1083,1066,83,1675,4018,8251,324,46442,8411,23786,32500,19257,1522,1473,239638,38656,30779,23672,255515
2020.06.02,6248961,1143,765,16663,43403,59043,2523,2513,2246,9302,11699,1870,6885,152091,182028,2918,3921,25062,233197,1110,1071,83,1678,4019,8360,324,46545,8411,24165,32700,19398,1522,1475,239932,39304,30788,24012,256594
2020.06.03,6362175,1164,844,16674,44255,59226,2534,2538,2246,9364,11734,1870,6887,151325,182370,2937,3931,25066,233515,1123,1079,83,1682,4020,8548,324,46647,8446,24395,32895,19517,1522,1475,240326,40204,30791,24340,258035
2020.06.04,6488689,1184,851,16705,45116,59385,2550,2585,2246,9438,11771,1880,6911,151677,182764,2937,3931,25111,233836,1142,1079,83,1684,4020,8795,324,46733,8446,24687,33261,19669,1525,1477,240660,41250,30810,24823,259519
2020.06.05,6616044,1197,852,16741,45981,59557,2593,2585,2247,9494,11811,1890,6911,152444,183271,2952,3954,25142,234013,1147,1082,83,1687,4027,9018,324,46942,8477,25048,33592,19907,1526,1479,240978,42289,30830,25411,260875
2020.06.06,6749900,1212,852,16803,46868,59711,2605,2668,2247,9529,11875,1910,6941,153055,183678,2967,3970,25163,234531,1158,1082,83,1694,4032,9247,324,47152,8504,25419,33969,20103,1526,1484,241310,43435,30853,25964,262118
2020.06.07,6875287,1232,852,16822,47751,59780,2636,2711,2247,9567,11924,1931,6964,153634,183979,2980,3970,25183,234801,1194,1086,83,1705,4035,9511,324,47335,8504,25986,34351,20290,1528,1485,241550,44215,30873,26514,263238
2020.06.08,6988954,1246,852,16868,48630,59833,2673,2727,2247,9628,11948,1939,6981,153977,184193,2997,3970,25201,234998,1234,1088,83,1714,4039,9700,324,47574,8504,26561,34493,20479,1528,1485,241717,44677,30882,26999,264039
2020.06.09,7097706,1263,852,16889,49453,59986,2703,2810,2247,9697,11962,1940,7001,154188,184543,3049,4014,25207,235278,1263,1088,83,1720,4040,9807,324,47739,8547,27160,34885,20604,1530,1485,241966,45354,30889,27462,264760
2020.06.10,7224479,1299,852,16902,50265,60131,2727,2889,2247,9751,12001,1947,7025,154591,184861,3058,4017,25215,235561,1269,1089,83,1727,4046,10025,324,47903,8563,27560,35306,20749,1531,1486,242280,46291,30905,27856,265859
2020.06.11,7360142,1341,852,16936,51066,60250,2776,2993,2249,9824,12016,1958,7040,155136,185416,3068,4027,25231,235763,1298,1092,83,1733,4049,10321,324,48087,8576,27757,35600,20945,1533,1488,242707,47728,30928,28381,267017
2020.06.12,7496870,1385,852,16964,51816,60345,2831,3086,2249,9886,12035,1965,7064,155561,185674,3088,4039,25238,236142,1326,1094,83,1752,4052,10727,324,48251,8594,28201,35910,21182,1541,1488,243209,49021,30961,29070,268216
2020.06.13,7641856,1416,853,16994,52520,60434,2892,3191,2249,9938,12099,1970,7073,156287,186022,3108,4053,25250,236305,1384,1096,83,1756,4055,11093,324,48461,8606,28577,36180,21404,1542,1490,243605,50350,30980,29753,269233
2020.06.14,7774826,1464,853,17014,53241,60483,2940,3266,2251,9991,12139,1973,7087,156813,186269,3112,4064,25295,236651,1437,1097,83,1763,4063,11459,324,48640,8606,29017,36463,21679,1545,1492,243928,51382,31011,30506,270285
2020.06.15,7894442,1521,853,17038,53973,60505,3001,3290,2252,10024,12193,1973,7104,157220,186461,3121,4076,25303,236989,1486,1097,83,1768,4070,11740,325,48783,8606,29392,36690,21999,1548,1495,244109,51800,31034,31154,271175
2020.06.16,8016038,1590,853,17065,54680,60652,3039,3341,2254,10064,12217,1974,7108,157372,186839,3134,4077,25321,237290,1615,1097,83,1773,4072,11879,326,48948,8631,29788,37036,22165,1552,1496,244328,52485,31048,31810,271997
2020.06.17,8159289,1672,854,17098,55369,60751,3084,3453,2255,10111,12250,1975,7112,157716,187184,3148,4078,25334,237500,1756,1098,83,1776,4075,12254,326,49087,8631,30195,37336,22415,1552,1499,244683,53694,31063,32476,273040
2020.06.18,8337312,1722,854,17115,56032,60874,3144,3542,2258,10162,12294,1977,7117,158174,187764,3203,4079,25341,237828,1833,1104,83,1778,4085,12732,333,49204,8660,30701,37672,22760,1561,1503,245268,55151,31100,33234,274142
2020.06.19,8476121,1788,855,17155,56657,60982,3202,3674,2269,10230,12344,1977,7117,158641,188534,3227,4081,25355,238159,1916,1108,83,1784,4091,13106,337,49319,8692,31015,38089,23080,1562,1511,245575,56645,31117,34063,275155
2020.06.20,8657476,1838,855,17185,57333,61103,3288,3755,2280,10406,12391,1979,7133,159452,189135,3237,4086,25368,238011,1998,1110,83,1792,4099,13556,355,49426,8692,31316,38464,23400,1576,1513,245938,57854,31209,34984,276182
2020.06.21,8816612,1891,855,17247,57936,61153,3354,3872,2299,10448,12391,1981,7142,160093,189822,3256,4094,25374,238275,2073,1111,83,1795,4105,13953,359,49502,8708,31620,38841,23730,1586,1519,246272,58552,31209,35825,277168
2020.06.22,8942897,1927,855,17285,58505,61173,3431,3905,2317,10498,12391,1981,7143,160377,190359,3266,4102,25379,238499,2169,1111,83,1798,4120,14200,362,49593,8708,31931,39133,24045,1587,1520,246504,58873,31209,36560,277855
2020.06.23,9079391,1995,855,17320,59023,61316,3524,3984,2336,10561,12527,1981,7144,160750,190862,3287,4107,25383,238720,2216,1111,83,1801,4121,14363,367,49658,8745,32227,39392,24291,1588,1521,246752,59673,31227,37241,278494
2020.06.24,9243568,2047,855,17351,59487,61426,3587,4114,2366,10650,12561,1982,7155,161267,191449,3302,4107,25391,238833,2268,1111,83,1803,4133,14714,378,49722,8751,32527,39737,24505,1589,1534,247086,60982,31249,38074,279390
2020.06.25,9419392,2114,855,17384,59945,61526,3675,4242,2388,10777,12615,1983,7167,161348,192079,3310,4114,25396,239410,2363,1111,83,1804,4140,15078,389,49804,8777,32821,40104,24826,1607,1541,247486,62680,31293,39014,280276
2020.06.26,9598259,2192,855,17431,60382,61602,3794,4408,2483,10870,12636,1984,7172,161348,192556,3321,4123,25405,239706,2432,1111,83,1806,4151,15453,414,49914,8793,33119,40415,25286,1630,1547,247905,63959,31345,40008,281054
2020.06.27,9787957,2269,855,17498,60713,61715,3934,4513,2539,11038,12675,1986,7191,162936,193243,3343,4127,25414,239961,2494,1112,83,1808,4173,15776,439,50005,8815,33395,40866,25697,1643,1558,248469,65163,31403,41117,281775
2020.06.28,9969204,2330,855,17562,61095,61756,4107,4625,2624,11298,12675,1986,7191,162936,193499,3366,4138,25437,240136,2590,1115,83,1813,4217,16080,469,50074,8815,33714,41189,26022,1657,1572,248770,65918,31472,42065,282446
2020.06.29,10128274,2402,855,17625,61475,61780,4215,4691,2691,11603,12675,1987,7191,162936,193761,3376,4142,25439,240310,2677,1116,83,1816,4242,16250,481,50147,8815,33907,41646,26313,1664,1581,248970,66333,31534,42982,283095
2020.06.30,10290089,2466,855,17666,61790,61907,4343,4831,2725,11805,12751,1987,7209,164260,194259,3390,4145,25462,240436,2799,1117,83,1816,4256,16357,501,50223,8855,34154,41912,26582,1665,1585,249271,67060,31569,43628,283541
2020.07.01,10483887,2535,855,17777,62118,62007,4453,4989,2777,11954,12768,1989,7214,164801,194725,3409,4155,25473,240578,2878,1118,83,1817,4299,16613,548,50273,8865,34393,42141,26970,1667,1600,249659,67864,31631,44334,284271
2020.07.02,10686124,2580,855,17814,62424,62142,4606,5154,2831,12046,12794,1989,7236,165719,195228,3432,4157,25477,240760,2991,1121,83,1818,4345,16898,576,50335,8887,34775,42454,27296,1687,1613,250103,68548,31851,44998,284888
2020.07.03,10895009,2662,855,17952,62698,62235,4788,5315,2912,12178,12815,1990,7241,166378,195674,3458,4166,25489,240961,3064,1122,83,1825,4395,17150,616,50412,8895,35146,42782,27746,1700,1633,250545,69235,31884,45887,285539
2020.07.04,11100808,2752,855,18073,62997,62329,4960,5497,3008,12319,12832,1991,7269,166960,196096,3486,4172,25498,241184,3064,1122,84,1828,4447,17445,663,50487,8895,35405,43156,28166,1720,1649,250545,69929,32017,46763,286141
2020.07.05,11288581,2819,855,18196,63270,62393,5249,5677,3094,12440,12832,1993,7270,166960,196335,3511,4183,25509,241419,3064,1123,84,1831,4476,17672,720,50548,8895,35719,43569,28582,1749,1679,250545,70293,32114,47677,286720
2020.07.06,11465130,2893,855,18269,63554,62417,5393,5740,3151,12515,12832,1993,7272,166960,196554,3519,4183,25527,241611,3356,1124,84,1836,4522,17814,781,50621,8895,35950,43897,28973,1764,1700,251789,70608,32184,48500,287121
2020.07.07,11642293,2964,855,18326,63804,62529,5457,5914,3220,12566,12878,1994,7275,168335,196944,3562,4189,25531,241819,3508,1127,85,1841,4542,17906,841,50657,8930,36155,44129,29223,1765,1716,252130,70859,32230,49043,287676
2020.07.08,11850803,3038,855,18415,64003,62628,5618,6102,3272,12685,12888,1995,7276,168810,197341,3589,4205,25538,241956,3703,1134,85,1844,4603,18141,907,50694,8936,36412,44416,29620,1767,1739,252513,71137,32284,49607,288380
2020.07.09,12066716,3106,855,18516,64224,62765,5868,6342,3325,12814,12900,2003,7283,169473,197783,3622,4210,25542,242149,3886,1141,85,1854,4650,18471,960,50746,8947,36689,44859,30175,1798,1763,253056,71670,32413,50414,288977
2020.07.10,12291676,3188,855,18613,64411,62889,6087,6672,3416,12919,12916,2011,7287,170094,198178,3672,4220,25565,242363,4100,1154,85,1857,4719,18666,1019,50798,8954,36951,45277,30789,1851,1776,253908,72004,32501,51224,289670
2020.07.11,12523396,3278,855,18687,64604,63016,6402,6964,3532,13062,12946,2013,7290,170752,198556,3732,4223,25589,242639,4307,1154,85,1861,4777,18924,1077,50840,8965,37216,45679,31381,1870,1793,253908,72373,32605,52043,290385
2020.07.12,12739115,3371,855,18795,64767,63078,6720,7175,3672,13115,12946,2014,7290,170752,198804,3772,4229,25611,242827,4715,1173,85,1865,4842,19208,1164,50921,8965,37521,46221,32079,1893,1827,253908,72681,32713,52843,290950
2020.07.13,12933308,3454,855,18847,64932,63121,6884,7252,3722,13174,12946,2014,7292,170752,198963,3803,4234,25628,243061,4931,1173,85,1869,4925,19382,1221,51022,8965,37891,46512,32535,1901,1841,255953,72787,32798,53521,291392
2020.07.14,13125861,3571,858,18859,65114,63345,6979,7411,3775,13238,13037,2014,7293,172377,199375,3826,4247,25638,243230,5118,1174,85,1874,4956,19439,1453,51093,8981,38190,46818,32948,1902,1849,256619,72957,32861,54133,291753
2020.07.15,13350915,3667,861,19060,65269,63552,7176,7645,3827,13341,13061,2015,7293,172377,199726,3883,4263,25670,243344,5118,1178,85,1875,5056,19708,1522,51146,8984,38457,47051,33585,1908,1859,257494,73269,32931,54771,292479
2020.07.16,13585203,3752,862,19115,65443,63812,7407,7877,3953,13475,13092,2016,7293,173304,200260,3910,4263,25683,243506,5237,1178,85,1882,5056,20040,1582,51252,9001,38780,47426,34226,1927,1878,258855,73556,33063,55607,293164
2020.07.17,13841354,3851,877,19268,65623,64038,7681,8144,4039,13612,13124,2016,7293,173838,200843,3939,4279,25698,243736,5237,1179,85,1902,5122,20264,1618,51351,9011,39054,47765,35003,1951,1897,260255,73824,33205,56455,293936
2020.07.18,14090182,3906,880,19406,65782,64312,7908,8442,4137,13742,13173,2020,7301,174674,201372,3964,4293,25730,243967,5472,1185,86,1908,5285,20494,1618,51454,9015,39407,48077,35802,1965,1916,260255,74108,33296,57264,294640
2020.07.19,14317201,4008,880,19508,65953,64442,8164,8638,4235,13855,13173,2021,7318,174674,201574,3983,4315,25750,244216,5617,1189,86,1915,5409,20794,1664,51581,9015,39746,48390,36691,1976,1940,260255,74299,33406,58111,295209
2020.07.20,14530830,4090,880,19571,66095,64506,8452,8733,4354,13945,13173,2021,7338,174674,201823,4007,4333,25760,244434,5735,1192,87,1932,5483,20980,1771,51725,9015,40104,48636,37458,1979,1946,264836,74409,33504,58842,295702
2020.07.21,14735465,4171,884,19679,66213,64949,8591,8929,4370,14098,13262,2021,7340,176754,202345,4012,4347,25766,244624,5877,1192,87,1947,5605,21115,1861,51910,9028,40383,48771,38139,1980,1953,266194,74540,33547,59493,296115
2020.07.22,14977003,4290,884,19818,66348,65094,8786,9254,4422,14324,13302,2022,7351,177338,202799,4048,4366,25802,244752,5877,1193,87,1949,5725,21442,1920,52073,9038,40782,48898,39133,2021,1977,267551,74766,33655,60166,296908
2020.07.23,15260892,4358,889,19958,66521,65647,9116,9584,4530,14570,13350,2025,7362,178336,203368,4077,4380,25819,245032,6286,1197,87,1960,5854,21798,1937,52241,9053,41162,49150,40163,2058,2015,270166,75063,33796,60995,297659
2020.07.24,15536734,4466,889,20122,66688,66086,9460,9853,4634,14800,13390,2027,7372,179398,204183,4110,4398,25826,245338,6467,1203,87,1960,5952,22105,2261,52404,9062,41580,49379,41275,2089,2033,272421,75283,33913,61851,298432
2020.07.25,15821023,4570,889,20229,66846,66582,9462,10123,4715,15081,13438,2028,7380,180528,204964,4135,4424,25845,245590,6680,1205,87,1986,6056,22483,2569,52595,9085,42038,49692,42394,2118,2052,272421,75545,34067,62823,299163
2020.07.26,16078023,4637,897,20349,67002,66811,9764,10312,4792,15212,13438,2033,7388,180528,205269,4166,4435,25869,245864,6917,1206,87,2001,6189,22828,2569,52732,9085,42622,49955,43678,2141,2066,272421,75683,34215,63929,299830
2020.07.27,16307353,4763,897,20486,67132,66995,10069,10427,4857,15324,13438,2034,7393,180528,205609,4193,4448,25881,246118,6917,1219,87,2008,6272,23034,2569,52946,9085,43065,50164,44798,2179,2082,278782,75725,34325,64849,300251
2020.07.28,16522705,4880,907,20550,67251,67590,10498,10621,4881,15516,13547,2038,7398,183079,206242,4227,4456,25892,246286,7413,1220,87,2019,6321,23154,2893,53151,9117,43402,50299,45902,2181,2087,280610,75796,34390,65656,300622
2020.07.29,16767416,4997,907,20682,67366,68275,10766,10871,4923,15799,13577,2038,7404,183804,206926,4279,4465,25929,246488,7652,1220,87,2027,6375,23521,2949,53374,9132,43904,50410,47053,2204,2101,282641,76079,34522,66575,300692
2020.07.30,17067388,5105,918,20846,67518,68978,10766,11155,4993,16093,13634,2042,7414,185196,207828,4336,4484,25942,246776,7846,1224,88,2043,6533,23947,3016,53621,9150,44416,50613,48235,2245,2115,285430,76380,34714,67597,301455
2020.07.31,17357613,5197,922,21009,67665,69613,11444,11420,5071,16342,13725,2051,7423,186573,208698,4401,4505,26027,247158,8104,1228,89,2062,6616,23947,3073,53963,9172,45031,50868,49591,2265,2139,288522,76682,34933,68794,302301
2020.08.01,17634886,5276,925,21098,67808,70297,11444,11690,5138,16574,13789,2064,7432,187919,209653,4477,4505,26065,247537,8330,1231,89,2075,6695,24733,3112,54301,9208,45688,51072,50886,2292,2165,288522,76940,35070,69884,303181
2020.08.02,17896905,5396,925,21224,67946,70606,11875,11836,5224,16699,13789,2072,7443,187919,209893,4587,4526,26109,247832,8554,1238,89,2093,6695,25113,3198,54732,9208,46346,51310,52111,2337,2171,288522,77243,35412,71056,303952
2020.08.03,18117817,5519,925,21309,68067,70754,12108,11955,5260,16800,13789,2079,7453,187919,210402,4662,4535,26162,248070,8799,1243,89,2110,6695,25362,3258,55043,9208,46894,51463,53186,2344,2180,297054,77281,35461,72168,304695
2020.08.04,18325139,5620,937,21341,68166,71548,12296,11955,5296,17008,13996,2080,7466,191295,211281,4737,4544,26208,248229,9049,1246,89,2120,6864,25482,3301,55415,9268,47469,51569,54009,2354,2181,302814,77446,35527,73158,305623
2020.08.05,18581955,5750,939,21472,68250,72362,12858,12159,5318,17286,14073,2091,7483,192334,212022,4855,4553,26253,248419,9274,1249,89,2137,6917,25814,3361,55955,9333,48149,51681,55241,2368,2190,305767,77779,35657,74219,306293
2020.08.06,18859803,5889,939,21575,68376,73138,13146,12414,5376,17529,14185,2113,7512,194029,213067,4973,4564,26303,248803,9492,1257,89,2147,7007,26222,3411,56381,9362,48789,51848,56550,2417,2208,309855,78204,35838,75490,307184
2020.08.07,19145769,6016,944,21689,68503,73907,13397,12717,5404,17740,14306,2124,7532,195633,214214,5123,4597,26372,249204,9688,1275,89,2171,7073,26628,3480,56982,9409,49515,52061,57895,2480,2223,314362,78582,36019,76808,308134
2020.08.08,19421611,6151,955,21819,68614,74678,13687,13014,5466,18060,14442,2133,7554,197921,215336,5270,4621,26470,249756,9869,1281,89,2194,7113,26990,3549,57501,9468,50324,52351,59273,2523,2233,314362,78962,36180,78261,309005
2020.08.09,19687315,6275,956,21935,68738,74982,14089,13343,5543,18235,14442,2147,7568,197921,215891,5421,4653,26644,250103,10059,1288,89,2231,7113,27443,3588,57987,9468,51167,52537,60623,2566,2247,314362,79222,36362,79750,309763
2020.08.10,19914818,6411,956,22011,68850,75104,14325,13396,5604,18355,14442,2152,7584,197921,216327,5623,4696,26712,250566,10247,1290,89,2252,7113,27660,3618,58564,9468,51791,52668,61768,2596,2249,322980,79295,36514,81957,310825
2020.08.11,20136005,6536,963,22122,68947,75977,14498,13512,5649,18494,14815,2158,7601,202775,217293,5749,4731,26768,250825,10419,1293,89,2265,7216,27841,3696,59139,9638,52410,52825,62547,2599,2255,326612,79491,36619,83115,311641
2020.08.12,20397633,6676,963,22260,69005,76695,14708,13722,5740,18783,14959,2167,7623,204172,218519,5942,4746,26801,251237,10590,1303,89,2283,7242,28223,3748,59918,9684,52961,52945,63762,2615,2272,329784,79908,36806,84548,312789
2020.08.13,20687358,6817,977,22501,69102,77304,14961,13893,5870,19075,15070,2174,7642,206696,219964,6177,4768,26838,251713,10795,1303,90,2309,7300,28697,3813,60572,9750,53676,53223,65177,2690,2303,337334,80351,37079,86140,313798
2020.08.14,20972879,6971,981,22730,69203,77973,15184,14069,6050,19401,15214,2174,7683,209365,221413,6381,4813,26929,252235,10988,1307,91,2330,7368,29087,3857,61149,9783,54487,53548,66631,2739,2332,342813,80714,37312,87872,314927
2020.08.15,21262345,7117,989,22951,69308,78560,15534,14243,6258,19693,15379,2177,7700,212211,222828,6632,4853,26995,252809,11130,1308,91,2352,7405,29483,3930,61785,9850,55319,53783,68046,2801,2369,342813,81058,37580,87872,316367
2020.08.16,21518675,7260,989,23211,69424,78723,15535,14333,6420,19891,15483,2184,7720,215521,223453,6858,4877,27191,253438,11275,1315,93,2386,7439,29905,3960,62437,9850,56090,53981,69374,2855,2401,342813,81284,37831,89719,317444
2020.08.17,21748936,7380,989,23373,69516,78855,15535,14365,6571,20012,15617,2190,7731,218536,224014,7075,4916,27257,253915,11416,1322,93,2416,7439,30183,4035,62943,9850,56684,54102,70461,2902,2416,359082,81347,38031,92820,318484
2020.08.18,21948560,7499,1005,23717,69589,79562,16035,14500,6656,20202,15740,2192,7752,219029,225404,7222,4970,27313,254235,11545,1323,94,2436,7469,30377,4085,63424,10004,57279,54234,71194,2907,2438,364196,81521,38156,94436,319197
2020.08.19,22206623,7654,1005,23875,69673,80287,16351,14669,6855,20483,15855,2200,7776,221267,226914,7472,4970,27499,254636,11686,1323,97,2474,7499,30789,4132,63911,10060,57876,54448,72208,2922,2456,370867,81835,38352,94436,320286
2020.08.20,22487274,7812,1024,24300,69801,80899,16691,14820,7074,20798,15940,2207,7805,225043,228621,7684,5002,27547,255278,11848,1326,98,2496,7566,31415,4174,64463,10111,58611,54701,73617,3022,2493,377906,82186,38662,96403,321098
2020.08.21,22761723,7967,1024,24608,69950,81480,17029,14962,7329,21045,16056,2227,7842,229814,230048,7934,5046,27676,256118,12006,1327,100,2528,7637,31937,4229,64992,10162,59378,54992,74963,3102,2536,386054,82519,38926,98537,322280
2020.08.22,23016039,8119,1045,24883,70111,81990,17392,15131,7594,21551,16127,2244,7871,234400,232082,8138,5098,27755,257065,12168,1330,100,2564,7704,32484,4277,65526,10197,60281,55211,76355,3225,2574,386054,82817,39232,100643,323313
2020.08.23,23279354,8275,1045,25099,70285,82193,17392,15227,7900,21790,16127,2265,7906,238002,232864,8381,5133,27908,258136,12337,1333,101,2594,7704,33072,4311,66034,10197,61181,55452,77544,3316,2617,386054,82977,39526,102971,324601
2020.08.24,23503597,8427,1045,25239,70468,82308,17900,15287,8175,21923,16127,2272,7920,242899,233575,8664,5155,27969,259345,12448,1337,101,2635,7704,33478,4343,66490,10197,61762,55597,78525,3356,2651,405436,83034,39802,104958,325642
2020.08.25,23716759,8605,1060,25547,70645,82915,18027,15386,8311,22181,16397,2275,7938,244854,234853,8819,5191,28116,260298,12547,1337,101,2673,7794,33828,4378,67062,10323,62310,55720,79330,3424,2665,412553,83208,39959,106754,326614
2020.08.26,23973326,8759,1060,25838,70727,83442,18324,15589,8530,22548,16480,2294,7981,248158,236429,8987,5215,28201,261174,12683,1342,101,2694,7838,34358,4444,67476,10395,63073,55912,80390,3452,2686,419849,83430,40161,110085,327798
2020.08.27,24251579,8927,1098,26154,70974,83968,18609,15751,8888,22951,16537,2311,8002,253587,237936,9280,5288,28363,262540,12840,1360,105,2726,7928,34982,4499,68046,10454,63802,56274,81646,3536,2722,429507,83674,40540,112059,328846
2020.08.28,24535206,9083,1098,26381,71165,84503,18920,15908,9192,23300,16627,2325,8019,259698,239507,9531,5379,28453,263949,12981,1366,106,2762,6543,35546,4558,68556,10505,64689,56673,83150,3626,2755,439286,83876,40900,112059,330368
2020.08.29,24812183,9195,1124,26763,71346,85117,19214,16065,9549,23777,16700,2343,8042,267077,240986,9800,5511,28579,265409,13100,1375,106,2810,6580,35904,4663,69063,10543,65480,57074,84468,3728,2797,439286,84055,41240,114497,331644
2020.08.30,25078224,9279,1124,26937,71523,85312,19214,16164,9861,24094,16700,2363,8049,272530,241771,9977,5669,28720,266853,13215,1375,107,2839,6580,36404,4727,69563,10543,66239,57448,85833,3842,2834,439286,84186,41615,116978,332752
2020.08.31,25321449,9380,1124,27218,71687,85429,19789,16190,10123,24367,16700,2373,8077,277943,242381,10134,5961,28760,268218,13334,1393,108,2874,6625,36700,4790,70071,10543,66870,57768,86785,3876,2865,462858,84234,41906,119074,334467
2020.09.01,25566970,9513,1176,27404,71843,86063,19964,16266,10269,24618,16985,2375,8086,281025,243599,10317,6139,28811,269214,13454,1396,108,2906,6677,36920,4835,70596,10644,67372,58012,87540,3917,2892,470973,84396,42069,121215,335873
2020.09.02,25835970,9606,1184,27741,71962,86628,20234,16266,10414,25117,17084,2395,8142,286007,244855,10524,6257,29025,270189,13601,1404,108,2929,6677,37208,4917,71057,10783,67922,58243,88593,3989,2933,479554,84567,42285,123303,337168
2020.09.03,26120959,9728,1199,28183,72141,87202,20517,16454,10725,25773,17195,2415,8161,293024,246166,10757,6622,29114,271515,13713,1406,108,2958,6745,37740,5019,71971,10871,68517,58633,89891,4042,2988,488513,84780,42655,125789,338676
2020.09.04,26401009,9844,1199,28495,72302,87879,20804,16617,11094,26452,17374,2441,8200,300181,247619,10998,6923,29206,272912,13791,1410,108,2978,6745,38372,5165,72392,11035,69129,59051,91256,4163,3041,498989,85066,43127,128228,340411
2020.09.05,26695927,9967,1215,28766,72485,88607,21142,16775,11428,27249,17547,2456,8225,309156,248997,11200,7382,29303,274644,13910,1416,108,3004,6854,38906,5275,73136,11120,69820,59457,92595,4300,3088,498989,85328,43424,130951,342351
2020.09.06,26969363,10102,1215,28974,72663,88929,21142,16954,11739,27752,17547,2490,8261,317706,249985,11386,7892,29534,276338,14027,1425,108,3040,6854,39473,5422,73790,11120,70387,59943,93864,4526,3131,498989,85499,43849,133787,344164
2020.09.07,27215404,10255,1215,29194,72859,89084,21142,17050,11964,28156,17547,2515,8291,324777,250799,11524,8387,29672,277634,14119,1428,108,3083,6896,39797,5553,74715,11120,70824,60258,95014,4614,3174,525549,85566,44293,135894,347152
2020.09.08,27424407,10406,1261,29705,73031,90002,21660,17146,12081,28716,18113,2531,8327,328980,252298,11663,8963,29774,278784,14204,1429,108,3100,6950,40055,5659,75512,11387,71126,60507,95897,4636,3190,534513,85751,44484,138068,350100
2020.09.09,27670143,10553,1261,30200,73208,90873,21961,17313,12285,29877,18356,2563,8337,335524,253474,11832,9304,30080,280153,14301,1432,108,3131,6974,40556,5875,76475,11519,71526,60895,97033,4727,3232,543379,85987,44729,143030,352560
2020.09.10,27959306,10704,1301,30954,73402,91897,22258,17435,12626,31036,18607,2585,8430,344101,255366,12080,9715,30164,281583,14377,1443,109,3163,7023,41144,6094,77615,11624,71947,61541,98304,4888,3312,554143,86301,45197,145612,355219
2020.09.11,28264998,10860,1301,31451,73591,93040,22544,17598,12917,32413,18924,2600,8469,353944,256850,12452,10191,30360,283180,14446,1448,109,3199,7088,41704,6222,78438,11746,72453,62126,99684,5021,3388,566326,86555,45602,148756,358138
2020.09.12,28569678,11021,1344,32456,73784,94324,22834,17799,13107,33860,19216,2632,8512,363350,258480,12734,10909,30571,284796,14496,1459,109,3243,7159,42183,6385,79706,11866,73047,62813,101075,5252,3498,566326,86846,46130,148756,361677
2020.09.13,28853865,11185,1344,32951,73975,94941,23134,17891,13368,35401,19216,2655,8557,373911,259428,13036,11825,30730,286297,14566,1464,109,3296,7159,42714,6530,80937,11866,73650,63310,102386,5453,3603,566326,87052,46595,151859,365174
2020.09.14,29123783,11353,1344,33335,74173,95242,23462,17918,13533,36188,19216,2676,8580,381094,260355,13240,12309,30985,287753,14637,1474,111,3335,7194,42978,6712,82023,11866,74152,63983,103495,5532,3702,593730,87158,47068,154335,368504
2020.09.15,29369302,11520,1438,33884,74360,96969,23630,18061,13598,37222,19800,2698,8627,387252,261762,13420,13153,31192,288761,14692,1477,111,3386,7244,43207,6900,83321,12155,74529,64596,104187,5580,3755,603167,87378,47325,156797,371125
2020.09.16,29672882,11672,1438,34744,74552,98597,23924,18216,13749,38896,20129,2722,8725,395104,263663,13730,14460,31549,289990,14763,1482,111,3442,7284,43734,7061,84697,12277,75134,65021,105298,5768,3837,614360,87670,47640,162660,374228
2020.09.17,29962528,11816,1438,35448,74763,100539,24206,18390,14029,41032,20571,2756,8750,404888,265857,14041,15170,31799,291442,14839,1486,111,3442,7394,44361,7291,86237,12393,75734,65626,107011,5860,3960,625651,88000,48154,162660,378219
2020.09.18,30280719,11948,1483,36370,74987,102291;24600;18544;14279;44155;21393;2778;8799;415481;267773;14400;16111;32023;293025;14882;1494;111;3504;7541;44983;7503;87987;12499;76571;66396;108690;6021;4058;640040;88389;48684;166244;381614
2020.09.19;30592714;12073;1564;37191;75230;104000;24892;18733;14513;46262;21847;2814;8858;428696;270070;14738;16920;32271;294932;14939;1498;112;3565;7718;45648;7711;89959;12645;77328;67176;110217;6256;4195;640040;88826;49171;169472;385936
2020.09.20;30886186;12226;1564;37948;75461;104894;25212;18819;14725;48306;21847;2875;8922;442194;271415;14978;17990;32538;296569;15002;1515;112;3664;7718;46336;7898;91841;12645;78330;68025;111550;6546;4309;640040;89105;49171;172712;390358
2020.09.21;31170529;12385;1564;38557;75674;105355;25424;18863;14922;49240;21847;2924;8980;453763;272337;15142;18866;32933;298156;15063;1525;112;3744;7804;46596;8612;93684;12645;79240;68577;112781;6677;4420;671468;89238;49171;175678;394257
2020.09.22;31439462;12535;1681;39150;75898;107559;25516;19014;14992;50764;23323;2941;9046;458061;274158;15595;19499;33121;299506;15142;1526;114;3814;7916;46796;8842;95899;12896;79988;69200;113589;6756;4470;682267;89504;50264;178353;398625
2020.09.23;31722176;12666;1681;39897;76104;109633;25737;19123;15136;53158;23799;2976;9195;468069;275927;15928;20450;33444;300897;15208;1560;116;3859;8016;47446;9138;98142;13000;80699;69663;114648;6931;4558;693556;89942;50548;181237;403551
2020.09.24;32033658;12787;1753;40558;76357;111730;26081;19283;15340;55464;24357;3033;9288;481141;278070;16286;21200;33675;302537;15270;1572;117;3932;8090;48232;9428;100493;13152;81673;70465;116415;7269;4694;704209;90495;50984;184734;409729
2020.09.25;32354537;12921;1753;41246;76651;113526;26316;19573;15572;58374;24916;3076;9379;497237;280223;16627;22127;33994;304323;15333;1594;117;4070;8158;48953;9717;103034;13275;82809;71156;118054;7629;4816;716481;91035;51492;188106;416363
2020.09.26;32666138;13045;1836;42317;76957;115149;26564;19828;15795;61318;25594;3118;9484;513034;282730;16913;23077;34315;306235;15379;1625;117;4184;8233;49666;9962;105810;13406;84396;72055;119683;8048;5007;716481;91665;51747;191671;423236
2020.09.27;32965426;13153;1836;42940;77289;116093;26795;19997;16007;63294;26213;3165;9577;527446;284140;17228;24014;34560;308104;15425;1654;117;4295;8311;50534;10197;108521;13406;85980;72939;121235;8600;5191;716481;91990;51864;195504;429277
2020.09.28;33245310;13259;1836;43466;77609;116633;26917;20055;16197;64597;26637;3200;9682;538569;285332;17444;24716;34990;309870;15472;1676;117;4385;8357;50875;10313;111510;13406;87330;73604;122673;9078;5350;748266;92157;51864;198634;434969
2020.09.29;33483764;13391;1966;43885;77946;119415;26997;20271;16245;65883;27072;3267;9734;542639;287421;17707;25567;35378;311364;15520;1697;118;4490;8376;51194;10441;114419;13698;88636;74029;123944;9343;5394;758172;92535;52528;201305;439013
2020.09.30;33777698;13518;1966;44607;78260;122399;27222;20547;16380;67843;27464;3315;9892;550690;289219;18123;26461;35740;313011;15574;1729;120;4578;8431;52029;10575;117420;13788;89962;74717;125414;9574;5487;769188;93148;52751;204932;446156
2020.10.01;34093723;13649;2050;45753;78631;125642;27465;20833;16593;68919;27998;3371;9992;563535;291722;18475;27309;36155;314861;15620;1824;120;4693;8509;53042;10772;120713;13914;91514;75542;127572;10141;5690;778607;93836;53162;208959;453264
2020.10.02;34416903;13806;2050;46317;79019;129052;27745;21096;16827;74255;28396;3450;10103;577505;294395;18886;28631;36597;317409;15663;1868;120;4784;8595;54064;10987;123966;14027;93481;76396;129658;10938;5865;789932;94469;53712;208959;460178
2020.10.03;34735715;13965;2110;47189;79421;132773;27745;21336;17160;78051;28932;3507;10204;589653;296958;19346;29717;37063;319908;15703;1945;121;4956;8709;55016;11690;127786;14149;95773;77284;132001;11617;6103;789932;95181;54263;217661;467146
2020.10.04;35037693;14117;2110;48019;79852;134482;27971;21518;17401;80605;29302;3577;10244;606625;299237;19613;30575;37668;322751;15758;2019;123;5081;8709;55888;11934;131749;14149;98140;78247;134065;12321;6330;789932;95642;54263;222232;480017
2020.10.05;35318769;14266;2110;48618;80295;135517;27975;21587;17659;82446;29680;3607;10538;619170;300619;19842;31480;38032;325329;15814;2086;126;5185;8709;56579;12127;135749;14149;98140;78247;134065;13139;6498;813412;95798;54263;226462;502978
2020.10.06;35589045;14410;2370;49886;80696;140766;28449;21870;17797;85566;30057;3617;10702;624274;303258;20142;32298;38551;327586;15814;2126;129;5285;8925;56901;12359;140321;14457;102080;79885;137491;13492;6574;825410;96172;55803;230236;515571
2020.10.07;35915822;14568;2370;50435;81090;146453;28710;22306;18084;90022;30379;3659;10929;634763;306086;20541;33114;38975;330263;15889;2194;130;5366;8979;57732;12584;144838;14604;104316;80312;139612;13812;6768;835901;96958;56502;234584;530113
2020.10.08;36269448;14730;2568;51382;81505;153256;29075;22743;18447;95360;30710;3715;11049;653509;310144;20947;34046;39584;333940;15938;2261;130;5483;9119;58794;12794;149817;14784;107319;81256;142570;14689;7124;848324;97789;56502;239337;544275
2020.10.09;36632504;14899;2568;52603;81982;159844;29528;23259;18989;100757;31156;3760;11345;671638;314660;21381;35222;40086;338398;15971;2370;136;5625;9219;59915;13004;155630;15012;111599;82534;145700;15726;7511;861112;98623;58745;244734;561815
2020.10.10;36981762;15066;2696;53784;82471;167633;29915;23871;19446;109374;31638;3809;11580;691977;319381;21772;36596;40703;343770;16050;2507;138;5758;9360;60833;13348;161589;15221;116338;83928;148886;16910;7874;861112;99406;60230;244734;575679
2020.10.11;37331188;15231;2696;54685;82471;171943;30343;23871;19932;114007;32082;3846;11849;718873;322864;22078;37664;41714;349494;16130;2596;138;5963;9360;61762;13641;168082;15221;121638;85574;152403;18797;8254;861112;99915;60230;256266;590844
2020.10.12;37635245;15399;2696;55983;83534;174346;30645;24402;20440;117110;32422;3865;11998;734974;325331;22358;38577;42528;354950;16179;2670;138;6122;9360;62151;13869;174450;15221;125816;86664;155283;19851;8665;888968;100076;60230;261034;603716
2020.10.13;37920312;15570;2995;56591;83998;184081;30834;24989;20621;121421;32811;3883;12212;743479;329453;22652;39862;43351;359569;16247;2765;149;6248;9731;62618;14050;181294;15524;130210;87913;157352;20355;8832;896086;100712;64287;265454;617688
2020.10.14;38251039;15752;2995;57762;84524;196658;31173;25774;20993;129747;33101;3908;12499;756472;334585;23060;40782;44159;365467;16345;2840;155;6366;9840;63275;14268;188662;15639;135278;89121;160461;20886;9231;908056;101628;65726;270587;634920
2020.10.15;38639434;15955;3190;59368;85121;208951;31652;26593;21741;139290;33593;3947;12703;779063;341223;23495;41732;45243;372799;16425;2942;155;6505;10030;64424;14461;195933;15791;141804;91193;164477;22296;9938;921374;102596;68450;276177;654644
2020.10.16;39042053;16212;3190;60764;85734;220769;32230;27507;22534;149010;34023;3980;12994;809684;348557;23947;43025;46429;381602;16502;3056;177;6760;10244;65076;14672;203712;15953;149903;93294;168490;24225;10684;936560;103498;71140;281239;673622
2020.10.17;39439488;16501;3377;62455;86392;234246;32848;28505;23665;160112;34441;4017;13133;834770;356387;24450;44816;47427;391611;16606;3204;195;7041;10471;65860;15281;211690;16136;157608;95902;172516;26300;11518;936560;104677;74227;287231;689257
2020.10.18;39809972;16774;3377;64495;86392;242241;33561;29108;24761;168827;34941;4052;13293;867197;361974;24932;46290;48678;402536;16754;3392;217;7269;10471;66652;15427;219795;16136;167230;98055;176468;28268;12416;936560;105374;74227;293641;705428
2020.10.19;40171982;17055;3377;65557;87698;246530;34120;29503;25580;173885;35392;4078;13424;897034;366299;25370;47768;49962;414241;16891;3450;224;7521;10646;67050;15615;228234;16136;175766;99911;180388;29835;13144;974449;105695;74422;303638;722409
2020.10.20;40520682;17350;3623;66611;88290;262090;34665;30527;25973;181962;35844;4085;13555;910277;373167;25802;48757;50993;423578;17009;3494;227;7726;10888;67302;15760;235954;16456;183248;101860;182854;30695;13681;988322;106466;83159;309107;741212
2020.10.21;40915670;17651;3623;68414;88909;281355;35391;31863;26863;193946;36373;4127;13849;930745;380762;26469;50180;52256;434449;17139;3609;249;7928;11241;67958;15892;244103;16603;192539;103736;186254;31400;14475;1005295;107756;86167;309107;762542
2020.10.22;41367912;17948;3811;70769;89642;298839;36319;33335;28287;208915;37003;4171;14071;957421;392049;27334;52212;53422;449648;17263;3797;262;8239;11671;68791;16069;252841;16771;202579;106271;191102;33602;15983;1026281;109326;91763;315826;789229
2020.10.23;41840416;18250;3811;73339;90380;316526;37322;34930;29850;223065;37763;4247;14255;999043;403291;28216;54278;54476;465726;17422;3958;288;8663;12333;69568;16259;262109;16964;214686;109541;196004;35330;17651;1046132;110992;96731;322879;810467
2020.10.24;42329189;18556;4038;76781;91167;335402;38500;36519;31717;238323;38622;4300;14474;1041075;418005;29057;56098;55261;484869;17591;4208;330;9104;12851;70256;16436;272092;17232;228318;112440;201032;37911;19313;1046132;112860;103323;330396;830998
2020.10.25;42788799;18858;4038;79770;91978;346959;39758;37562;33959;250797;39411;4351;14652;1086497;429181;29992;59247;56108;504509;17757;4467;340;9578;13713;71089;16629;280731;17232;241946;116109;205793;40801;21277;1046132;114337;103323;337410;854010
2020.10.26;43227729;19157;4038;82536;92823;351854;40894;37889;36380;258097;40356;4411;14848;1138507;437866;30782;61563;57128;525782;17943;4678;365;10184;14204;71503;16797;290925;17232;253688;118686;209648;43843;22950;1098320;114851;103323;343489;873800
2020.10.27;43643644;19445;4325;85048;93707;371722;41616;40132;37208;268370;41412;4428;14970;1165278;449275;31496;63642;58067;542789;18148;4757;413;10949;14399;71811;16909;301249;17908;263929;121133;212492;45155;24080;1116738;115919;120680;348924;894690
2020.10.28;44123016;19729;4410;87746;94609;393932;43174;42701;38621;284033;42157;4465;15163;1198695;464239;32752;65933;58767;564778;18345;4893;438;11362;14884;72460;17091;311532;18341;280229;124432;217216;46056;25603;1136503;118334;127042;355601;917575
2020.10.29;44636477;20040;4517;91895;95545;411930;44758;45461;40999;297013;43174;4590;15378;1235132;481013;34299;68127;59434;589766;18626;5144;461;12138;15658;73321;17392;319624;18663;299049;128392;222559;48943;28215;1160083;121724;135197;363075;942275
2020.10.30;45184578;20315;4567;96200;96529;427020;46668;48150;43775;310068;44034;4671;15566;1282769;499694;35510;71413;60297;616595;18910;5395;486;13088;16356;74233;17746;329872;19066;319205;132616;229040;51728;30705;1185678;124987;144558;370417;965340
2020.10.31;45726736;20634;4665;101443;97499;442420;48153;51041;46547;323673;45225;4771;15910;1331984;518753;37196;75321;61059;647674;19328;5679;523;13823;17134;75201;18066;340974;19563;340834;137272;235586;55091;32510;1185678;129042;153728;378729;989745
2020.11.01;46184735;20875;4756;106584;98482;448728;50090;52844;49316;335102;46351;4905;16113;1364625;532930;39251;79199;61456;679430;19842;5894;533;14824;17933;76040;18341;350764;19563;362731;141279;241339;57664;34307;1185678;132029;153728;387481;1011660
2020.11.02;46671967;21202;4825;111110;99459;451393;51505;54069;51495;341644;47299;4985;16291;1413915;545027;40929;82780;62002;709335;20179;6136;551;15719;18782;76582;18714;359437;19563;379902;144341;246663;59946;35649;1240697;133327;153728;395440;1034914
2020.11.03;47142461;21523;4888;114270;100400;465250;52269;56496;52660;350896;48241;5046;16400;1466433;560379;42080;86769;62750;731588;20655;6268;607;16556;19101;76777;19210;367715;20634;395480;146847;250704;61829;36206;1259366;134897;175570;402194;1053864
2020.11.04;47647460;21904;4910;118715;101329;477352;53822;60537;54087;362985;49594;5125;16637;1502763;577593;44246;90988;63048;759829;20999;6439;643;17453;19634;77487;19977;375444;21334;414844;149443;258437;63556;37383;1284408;138506;181660;411093;1073882
2020.11.05;48217351;22300;5045;125229;102313;486582;55598;64591;56567;378716;50530;5333;16930;1543321;597583;46892;94916;63483;790377;21545;6752;673;18092;20344;78507;20851;383066;21954;439536;156940;267088;66772;39408;1306316;142990;191703;420617;1099059
2020.11.06;48829738;22721;5135;132280;103295;494240;57506;68345;59415;391945;51753;5464;17119;1601367;619089;49807;99625;64046;824879;22206;7119;703;19091;21147;79566;21533;390023;22575;466679;161350;276802;68734;41094;1328832;147735;201801;430467;1123197
2020.11.07;49435759;23210;5135;138604;104286;500888;59427;72184;62305;403497;53180;5705;17385;1661853;642488;52254;104943;64538;862681;22934;7476;753;20747;21806;80501;22079;397255;23225;493765;166900;287062;71088;42658;1328832;152189;211160;440188;1146484
2020.11.08;50029033;23705;5319;146502;105283;503934;61212;74485;64704;411220;54230;5933;17385;1748705;658505;54809;109616;64855;902490;23425;7880;765;22719;22481;81675;22379;403914;23225;521640;173540;296999;73667;44271;1328832;156642;211160;450934;1171441
2020.11.09;50557870;24206;5383;152508;106279;505382;62423;75160;67247;414828;55121;6125;17797;1787324;671868;56698;114778;65394;935104;24155;8095;788;24699;22481;82346;22805;409573;23225;546425;179324;303751;75495;45161;1381218;158739;211160;460331;1192013
2020.11.10;51060158;24731;5437;158212;107262;514018;63419;78976;68776;420875;55892;6250;17887;1807479;687200;58187;118918;65659;960373;24792;8187;817;25755;23051;82677;23608;414247;24727;568138;183420;306991;76072;45625;1398613;162465;228405;469018;1213363
2020.11.11;51627093;25294;5477;162051;108300;521719;65024;83366;70243;429880;56958;6376;18107;1829659;705687;60570;122863;65889;995463;25388;8395;862;26841;23227;83592;24154;418911;25321;593592;187237;314295;77123;46717;1417709;166964;234340;479197;1233775
2020.11.12;52250604;25801;5567;171694;109357;523723;66565;87311;72840;438805;57952;6508;18345;1865538;727553;63321;126790;66247;1028424;26121;8848;894;28262;23710;84707;24865;424311;25885;618813;192172;324094;79181;48939;1437220;172673;242578;489808;1256725
2020.11.13;52898103;26211;5616;182062;110455;530205;68293;90725;75922;446675;58963;6881;18542;1898710;751095;66637;131887;66632;1066401;26888;9381;925;29812;24505;86038;25509;429938;26503;641496;198011;334236;81772;50870;1458591;178241;249471;500865;1290195
2020.11.14;53533932;26701;5725;191024;111622;535914;69625;94937;78978;454030;60000;7148;18858;1922504;773556;69675;136723;67099;1107303;27851;9836;949;31878;25218;87361;26109;436024;27226;665547;204664;343725;83796;52385;1458591;184974;256186;512652;1317496
2020.11.15;54128402;27233;5725;198216;112870;538284;70900;97435;81844;458229;61078;7148;19102;1954599;790503;72510;140961;67526;1144552;28616;10231;970;33387;25931;88772;26686;441927;27226;691118;211266;353185;85567;54122;1458591;188490;256186;525176;1344356
2020.11.16;54642940;27830;5872;203494;114185;539341;70900;98251;84206;460116;62136;7637;19315;1981827;801327;74205;147456;67903;1178529;29117;10547;985;34758;26544;89279;27177;447335;27226;712972;217301;360281;86767;55042;1496864;190072;256186;535857;1369318
2020.11.17;55187421;28432;5914;207798;115448;545162;72689;101770;85519;465523;63331;7848;19419;1991233;815746;76403;152659;68356;1205881;29805;10636;989;35911;27092;89843;27773;452157;28963;733788;225672;365212;87276;55544;1510023;192616;268965;545689;1390681
2020.11.18;55770400;29126;5951;213462;116699;549990;73944;106598;87464;469769;64551;8033;19647;2036755;833307;78825;156949;68686;1238072;30495;10914;1002;36876;27256;90912;28392;456453;29510;752940;230124;373474;88602;56937;1525341;197076;273487;557657;1410732
2020.11.19;56396170;29837;6018;221228;118008;553689;75577;110536;90715;475284;65808;8304;19935;2065138;855916;82034;161461;69058;1272352;31215;11356;1051;38810;27681;92519;29031;461059;30113;772823;236015;383743;89913;58964;1541574;202038;279572;570153;1430341
2020.11.20;57037140;30623;6066;228058;119390;556708;76757;114435;93879;481755;67105;8715;20286;2086288;879564;85261;165901;69473;1308528;32022;11722;1072;40492;28573;93961;29577;466697;30768;796798;243009;393851;91578;61034;1556730;209666;284560;583510;1453256
2020.11.21;57716898;31459;6142;234670;120847;559789;77994;118418;96837;487563;68362;9076;20747;2109170;902528;87812;170298;69802;1345767;32877;12102;1094;42757;29243;95383;30079;472616;31438;819262;249498;403123;93396;62580;1556730;215128;289483;612665;1473508
2020.11.22;58288941;32196;6207;240909;122435;561052;79309;120697;100410;490750;69635;9375;21216;2127051;918269;90121;174618;70143;1380531;33588;12744;1109;44740;29762;96689;30653;478678;31438;843475;255970;412808;95257;64284;1556730;219624;289483;612665;1493383
2020.11.23;58807799;32761;6256;246124;123999;561640;80007;121820;103718;492263;70485;9724;21639;2140208;929133;91619;177952;70461;1408868;34295;13120;1112;47047;30333;97941;31062;484060;31438;861331;260758;418645;96241;65308;1582616;222047;289483;612665;1512045
2020.11.24;59341326;33556;6304;249214;125482;565588;80553;124966;105691;496638;71654;9956;21936;2144660;942687;93006;181881;70711;1431795;34940;13236;1181;48226;30935;98418;31618;489223;32767;876333;264802;422852;96472;65778;1594844;225925;299171;635689;1527495
2020.11.25;59903030;34300;6351;253349;126953;568444;81739;129348;108014;502534;73021;10159;22289;2153815;961320;95137;185687;70930;1455022;35549;13693;1201;49393;31111;99633;32188;493142;33183;909066;268721;430605;97493;67080;1605066;231599;303392;647976;1538794
2020.11.26;60552696;34944;6428;259245;128449;571076;83328;133060;111617;505215;74204;10541;22652;2170097;983588;97288;192047;71187;1480874;36253;14273;1215;51655;31484;101203;32808;498043;33714;924422;274011;440344;99304;69306;1617355;237665;308254;661858;1557007
2020.11.27;61102596;35600;6534;264692;130012;573187;84252;136628;115626;511520;75395;10955;23148;2183660;1006394;99306;198440;71494;1509875;37028;15171;1256;53757;32100;102894;33316;502510;34267;941112;280394;449349;101257;71073;1628208;243129;312722;677189;1574562
2020.11.28;61718735;36245;6610;269510;131633;;85431;139955;119706;515984;76718;11323;23766;2196199;1028089;101287;204708;71699;1538217;37792;15808;1273;58212;33409;104140;33836;508243;34747;958416;285838;457848;103106;72674;1628208;;317017;693407;1589301
2020.11.29;62271031;36790;6670;274275;133324;;85431;141747;123693;518649;78354;11698;24307;2208699;1042700;103034;211527;71942;1564532;38431;16561;1273;60193;33409;105852;34454;512695;34747;973593;290706;465982;104632;74264;;;317017;693407;1605172
