date,Albania,Andorra,Austria,Belarus,Belgium,Bosnia and Herzegovina,Bulgaria,Croatia,Czech Republic,Denmark,Estonia,Finland,France,Germany,Hungary,Ireland,Italy,Kosovo,Latvia,Liechtenstein,Lithuania,Luxembourg,Macedonia,Moldova,Montenegro,Netherlands,Norway,Poland,Portugal,Romania,Serbia,Slovakia,Slovenia,Spain,Sweden,Switzerland,Ukraine,United Kingdom
2019.12.31,,,,,,,,,,,,,,,,,,,,,,,,,,,,,,,,,,,,,,
2020.01.01,,,,,,,,,,,,,,,,,,,,,,,,,,,,,,,,,,,,,,
2020.01.02,,,,,,,,,,,,,,,,,,,,,,,,,,,,,,,,,,,,,,
2020.01.03,,,,,,,,,,,,,,,,,,,,,,,,,,,,,,,,,,,,,,
2020.01.04,,,,,,,,,,,,,,,,,,,,,,,,,,,,,,,,,,,,,,
2020.01.05,,,,,,,,,,,,,,,,,,,,,,,,,,,,,,,,,,,,,,
2020.01.06,,,,,,,,,,,,,,,,,,,,,,,,,,,,,,,,,,,,,,
2020.01.07,,,,,,,,,,,,,,,,,,,,,,,,,,,,,,,,,,,,,,
2020.01.08,,,,,,,,,,,,,,,,,,,,,,,,,,,,,,,,,,,,,,
2020.01.09,,,,,,,,,,,,,,,,,,,,,,,,,,,,,,,,,,,,,,
2020.01.10,,,,,,,,,,,,,,,,,,,,,,,,,,,,,,,,,,,,,,
2020.01.11,,,,,,,,,,,,,,,,,,,,,,,,,,,,,,,,,,,,,,
2020.01.12,,,,,,,,,,,,,,,,,,,,,,,,,,,,,,,,,,,,,,
2020.01.13,,,,,,,,,,,,,,,,,,,,,,,,,,,,,,,,,,,,,,
2020.01.14,,,,,,,,,,,,,,,,,,,,,,,,,,,,,,,,,,,,,,
2020.01.15,,,,,,,,,,,,,,,,,,,,,,,,,,,,,,,,,,,,,,
2020.01.16,,,,,,,,,,,,,,,,,,,,,,,,,,,,,,,,,,,,,,
2020.01.17,,,,,,,,,,,,,,,,,,,,,,,,,,,,,,,,,,,,,,
2020.01.18,,,,,,,,,,,,,,,,,,,,,,,,,,,,,,,,,,,,,,
2020.01.19,,,,,,,,,,,,,,,,,,,,,,,,,,,,,,,,,,,,,,
2020.01.20,,,,,,,,,,,,,,,,,,,,,,,,,,,,,,,,,,,,,,
2020.01.21,,,,,,,,,,,,,,,,,,,,,,,,,,,,,,,,,,,,,,
2020.01.22,,,,,,,,,,,,,,,,,,,,,,,,,,,,,,,,,,,,,,
2020.01.23,,,,,,,,,,,,,,,,,,,,,,,,,,,,,,,,,,,,,,
2020.01.24,,,,,,,,,,,,,,,,,,,,,,,,,,,,,,,,,,,,,,
2020.01.25,,,,,,,,,,,,,,,,,,,,,,,,,,,,,,,,,,,,,,
2020.01.26,,,,,,,,,,,,,,,,,,,,,,,,,,,,,,,,,,,,,,
2020.01.27,,,,,,,,,,,,,,,,,,,,,,,,,,,,,,,,,,,,,,
2020.01.28,,,,,,,,,,,,,,,,,,,,,,,,,,,,,,,,,,,,,,
2020.01.29,,,,,,,,,,,,,,,,,,,,,,,,,,,,,,,,,,,,,,
2020.01.30,,,,,,,,,,,,,,,,,,,,,,,,,,,,,,,,,,,,,,
2020.01.31,,,,,,,,,,,,,,,,,,,,,,,,,,,,,,,,,,,,,,
2020.02.01,,,,,,,,,,,,,,,,,,,,,,,,,,,,,,,,,,,,,,
2020.02.02,,,,,,,,,,,,,,,,,,,,,,,,,,,,,,,,,,,,,,
2020.02.03,,,,,,,,,,,,,,,,,,,,,,,,,,,,,,,,,,,,,,
2020.02.04,,,,,,,,,,,,,,,,,,,,,,,,,,,,,,,,,,,,,,
2020.02.05,,,,,,,,,,,,,,,,,,,,,,,,,,,,,,,,,,,,,,
2020.02.06,,,,,,,,,,,,,,,,,,,,,,,,,,,,,,,,,,,,,,
2020.02.07,,,,,,,,,,,,,,,,,,,,,,,,,,,,,,,,,,,,,,
2020.02.08,,,,,,,,,,,,,,,,,,,,,,,,,,,,,,,,,,,,,,
2020.02.09,,,,,,,,,,,,,,,,,,,,,,,,,,,,,,,,,,,,,,
2020.02.10,,,,,,,,,,,,,,,,,,,,,,,,,,,,,,,,,,,,,,
2020.02.11,,,,,,,,,,,,,,,,,,,,,,,,,,,,,,,,,,,,,,
2020.02.12,,,,,,,,,,,,,,,,,,,,,,,,,,,,,,,,,,,,,,
2020.02.13,,,,,,,,,,,,,,,,,,,,,,,,,,,,,,,,,,,,,,
2020.02.14,,,,,,,,,,,,,,,,,,,,,,,,,,,,,,,,,,,,,,
2020.02.15,,,,,,,,,,,,,1,,,,,,,,,,,,,,,,,,,,,,,,,
2020.02.16,,,,,,,,,,,,,1,,,,,,,,,,,,,,,,,,,,,,,,,
2020.02.17,,,,,,,,,,,,,1,,,,,,,,,,,,,,,,,,,,,,,,,
2020.02.18,,,,,,,,,,,,,1,,,,,,,,,,,,,,,,,,,,,,,,,
2020.02.19,,,,,,,,,,,,,1,,,,,,,,,,,,,,,,,,,,,,,,,
2020.02.20,,,,,,,,,,,,,1,,,,,,,,,,,,,,,,,,,,,,,,,
2020.02.21,,,,,,,,,,,,,1,,,,,,,,,,,,,,,,,,,,,,,,,
2020.02.22,,,,,,,,,,,,,1,,,,,,,,,,,,,,,,,,,,,,,,,
2020.02.23,,,,,,,,,,,,,1,,,,2,,,,,,,,,,,,,,,,,,,,,
2020.02.24,,,,,,,,,,,,,1,,,,2,,,,,,,,,,,,,,,,,,,,,
2020.02.25,,,,,,,,,,,,,1,,,,6,,,,,,,,,,,,,,,,,,,,,
2020.02.26,,,,,,,,,,,,,1,,,,11,,,,,,,,,,,,,,,,,,,,,
2020.02.27,,,,,,,,,,,,,2,,,,12,,,,,,,,,,,,,,,,,,,,,
2020.02.28,,,,,,,,,,,,,2,,,,17,,,,,,,,,,,,,,,,,,,,,
2020.02.29,,,,,,,,,,,,,2,,,,21,,,,,,,,,,,,,,,,,,,,,
2020.03.01,,,,,,,,,,,,,2,,,,29,,,,,,,,,,,,,,,,,,,,,
2020.03.02,,,,,,,,,,,,,2,,,,35,,,,,,,,,,,,,,,,,,,,,
2020.03.03,,,,,,,,,,,,,3,,,,52,,,,,,,,,,,,,,,,,,,,,
2020.03.04,,,,,,,,,,,,,4,,,,80,,,,,,,,,,,,,,,,,,,,,
2020.03.05,,,,,,,,,,,,,4,,,,107,,,,,,,,,,,,,,,,,1,,,,
2020.03.06,,,,,,,,,,,,,7,,,,148,,,,,,,,,,,,,,,,,3,,1,,
2020.03.07,,,,,,,,,,,,,9,,,,197,,,,,,,,,1,,,,,,,,5,,1,,1
2020.03.08,,,,,,,,,,,,,10,,,,233,,,,,,,,,1,,,,,,,,5,,1,,2
2020.03.09,,,,,,,,,,,,,19,,,,366,,,,,,,,,3,,,,,,,,5,,2,,2
2020.03.10,,,,,1,,,,,,,,30,2,,,464,,,,,,,,,3,,,,,,,,28,,2,,3
2020.03.11,,,,,1,,,,,,,,33,2,,,631,,,,,,,,,4,,,,,,,,35,,3,,7
2020.03.12,1,,,,4,,1,,,,,,48,3,,1,827,,,,,,,,,5,,,,,,,,47,2,4,,7
2020.03.13,1,,1,,5,,1,,,,,,61,5,,1,1016,,,,,,,,,5,1,1,,,,,,84,3,4,,9
2020.03.14,1,,1,,8,,1,,,,,,79,5,,1,1268,,,,,1,,,,5,1,2,,,,,,121,4,7,,10
2020.03.15,1,,1,,13,,2,,,,,,91,8,,2,1441,,,,,,,,,12,1,3,,,,,,136,6,11,,29
2020.03.16,1,,1,,19,,2,,,1,,,127,12,1,2,1811,,,,,1,,,,20,1,3,,,,,,288,8,13,,43
2020.03.17,1,,3,,31,,2,,,1,,,148,13,1,2,2158,,,,,1,,,,24,3,4,,,,,,309,9,14,,65
2020.03.18,1,,3,,41,,2,,,4,,,175,13,1,2,2505,,,,,1,,,,43,3,5,1,,,,1,491,15,19,,82
2020.03.19,2,,4,,63,,2,,,4,,,244,13,1,2,2978,,,,,2,,1,,58,3,5,2,,,,1,598,23,25,2,116
2020.03.20,2,,6,,96,,3,,,6,,,372,43,1,3,3407,,,,,4,,1,,76,6,5,3,,,,1,767,32,33,2,162
2020.03.21,2,,6,,131,,3,,,9,,,450,45,4,3,4032,,,,1,5,,1,,106,7,5,6,,1,,1,1002,40,43,3,194
2020.03.22,2,,8,,171,1,3,,,13,,1,562,67,4,3,4827,,,,1,8,,1,,136,7,5,12,,1,,1,1326,51,56,3,252
2020.03.23,2,,16,,218,1,3,,1,13,,1,674,94,7,4,5476,1,,,1,8,1,1,,179,7,7,14,2,1,,1,1720,62,60,3,288
2020.03.24,4,,25,,296,1,3,,1,24,,1,860,126,8,6,6077,1,,,1,8,2,1,,213,8,8,23,7,1,,1,2182,83,66,3,364
2020.03.25,5,,30,,373,2,3,1,3,32,,1,1100,149,10,7,6820,1,,,2,8,2,1,,276,10,10,33,11,1,,3,2696,105,86,3,512
2020.03.26,5,,34,,480,3,3,1,6,34,1,3,1331,198,10,9,7505,1,,,4,8,2,1,,356,12,14,43,13,2,,4,3434,136,103,4,703
2020.03.27,6,3,52,,582,3,3,2,9,41,1,4,1696,253,10,19,8165,1,,,4,9,3,1,1,434,14,16,60,17,3,,5,4089,168,161,5,884
2020.03.28,9,3,68,,710,4,3,3,9,52,1,7,1995,325,11,22,9136,1,,,5,15,3,2,1,546,16,16,76,24,6,,9,4858,203,197,5,1172
2020.03.29,10,4,68,,851,5,7,5,11,65,1,9,2314,389,13,36,10023,1,,,7,18,4,2,1,639,20,18,100,29,10,,9,5690,241,235,8,1464
2020.03.30,10,6,86,,1000,6,8,6,16,72,3,11,2606,455,15,46,10781,1,,,7,21,6,2,1,771,22,22,119,40,13,,11,6528,286,257,9,1676
2020.03.31,12,8,108,,1170,8,8,6,24,77,3,13,3024,583,16,54,11591,1,,,7,22,7,2,1,864,26,31,140,44,16,,11,7340,334,295,11,2050
2020.04.01,15,12,128,,1378,12,8,6,31,90,4,17,3523,732,20,71,12430,1,,,7,23,9,4,1,1039,28,33,160,69,23,,13,8189,387,373,13,2453
2020.04.02,15,14,146,,1611,13,10,6,39,104,5,17,4032,872,21,85,13157,1,,,8,29,10,5,1,1173,32,43,187,85,23,,15,9053,457,378,20,3125
2020.04.03,16,15,158,4,1830,17,10,7,44,123,11,19,4503,1017,26,98,13917,1,,,9,30,11,6,2,1339,42,57,209,94,31,,16,10003,537,432,22,3782
2020.04.04,17,16,168,4,2066,18,14,8,53,139,12,20,6507,1158,32,120,14681,1,1,,9,31,12,8,2,1487,44,71,246,133,39,,20,10935,607,484,27,4518
2020.04.05,19,17,186,5,2337,21,17,12,59,161,13,25,7560,1342,34,137,15362,1,1,1,9,31,17,12,2,1651,50,79,266,141,44,,22,11744,692,540,32,5274
2020.04.06,21,18,204,8,2584,24,20,15,67,179,15,27,8078,1434,38,158,15889,1,1,1,13,36,17,15,2,1766,58,94,295,148,51,,28,12418,782,559,37,5873
2020.04.07,22,21,220,13,2841,28,22,16,78,187,19,27,8911,1607,47,174,16525,3,1,1,14,41,21,19,2,1867,59,107,311,157,58,2,30,13055,866,584,38,6440
2020.04.08,22,22,243,13,3118,32,23,18,88,203,21,34,10328,1861,58,210,17129,5,2,1,15,44,26,22,2,2101,69,129,345,182,61,2,36,13798,981,641,45,7545
2020.04.09,22,23,273,13,3440,35,24,19,99,218,24,40,10869,2107,66,235,17669,6,2,1,15,46,30,27,2,2248,80,159,380,209,65,2,40,14555,1067,705,52,8575
2020.04.10,23,25,295,16,3712,36,24,20,112,237,24,42,12210,2373,77,263,18281,7,2,1,15,52,32,29,2,2396,88,174,409,229,66,2,43,15238,1157,756,57,9691
2020.04.11,23,26,319,19,4014,37,25,21,119,247,24,48,13197,2544,85,287,18851,7,2,1,17,54,32,29,2,2511,92,181,435,257,71,2,45,15843,1259,805,69,10813
2020.04.12,23,28,337,23,4298,37,28,21,129,260,24,49,13832,2673,99,320,19470,7,3,1,23,62,34,30,2,2643,98,208,470,282,74,2,50,16353,1356,831,73,11656
2020.04.13,23,29,350,26,4563,38,29,23,138,273,25,56,14393,2799,109,334,19901,7,5,1,24,66,34,32,3,2737,103,232,504,306,80,2,53,16972,1440,858,83,12313
2020.04.14,23,29,368,29,4840,38,32,25,143,285,28,59,14967,2969,122,365,20465,8,5,1,24,67,38,36,3,2823,114,245,535,318,85,2,55,17489,1532,858,93,13037
2020.04.15,24,31,384,33,5101,39,35,31,161,299,31,64,15729,3254,134,406,21069,8,5,1,24,67,44,40,4,2945,127,263,567,344,94,2,56,18276,1647,900,98,14113
2020.04.16,25,33,393,36,5381,40,36,34,166,309,35,72,17167,3569,142,444,21647,9,5,1,29,69,45,46,4,3134,130,286,599,372,99,6,61,18893,1758,973,108,14993
2020.04.17,26,33,410,40,5627,41,38,35,169,321,36,75,17920,3868,156,486,22172,11,5,1,32,69,46,54,4,3315,136,314,629,387,103,8,61,19478,1841,1016,116,16029
2020.04.18,26,35,431,43,5832,44,41,36,173,336,38,82,18681,4110,172,530,22747,12,5,1,33,72,49,56,4,3459,136,332,657,400,110,9,66,20043,1927,1058,125,16942
2020.04.19,26,35,443,45,6040,45,41,39,181,346,38,90,19323,4294,189,571,23227,12,5,1,33,72,49,60,5,3601,148,347,687,417,117,11,70,20453,2014,1110,133,18047
2020.04.20,26,36,452,47,6230,46,43,47,188,355,40,94,19718,4404,199,610,23660,14,5,1,36,73,51,67,5,3684,154,360,714,434,122,12,74,20852,2099,1134,141,18479
2020.04.21,26,36,462,51,6436,48,43,47,196,364,40,98,20265,4598,213,687,24114,14,5,1,37,75,54,70,5,3751,154,380,735,451,125,13,74,21282,2161,1141,151,19049
2020.04.22,26,37,463,55,6639,50,45,48,201,370,43,141,20796,4879,225,730,24648,17,9,1,38,78,55,73,5,3916,163,401,762,483,125,14,77,21717,2238,1186,161,20273
2020.04.23,27,37,494,58,6820,52,49,48,210,384,44,149,21340,5094,225,769,25085,17,11,1,38,80,56,76,5,4054,169,426,785,508,134,14,79,22157,2324,1216,174,21120
2020.04.24,27,37,508,60,6976,53,52,50,213,394,45,172,21856,5321,250,794,25549,18,11,1,40,83,56,80,5,4177,180,454,820,527,139,15,79,22524,2413,1267,187,21802
2020.04.25,27,40,513,63,7131,54,54,51,215,403,46,177,22245,5500,262,829,25969,18,12,1,40,85,57,87,6,4289,191,494,880,552,144,17,80,22902,2486,1308,193,22812
2020.04.26,27,40,536,67,7273,56,55,54,218,418,46,186,22614,5640,272,1063,26384,18,12,1,41,85,59,94,6,4409,193,524,903,575,151,17,81,23190,2560,1328,201,23627
2020.04.27,28,40,542,72,7427,58,56,55,221,422,49,190,22856,5750,280,1087,26644,20,12,1,41,88,61,96,7,4475,193,535,928,608,156,18,82,23190,2634,1336,209,23991
2020.04.28,28,40,549,75,7562,60,58,59,223,427,50,193,23293,5913,291,1102,26977,21,13,1,41,88,65,102,7,4518,193,562,948,631,162,18,83,23822,2717,1352,220,24311
2020.04.29,30,41,569,79,7672,62,58,63,227,434,50,199,23660,6115,300,1159,27359,21,13,1,44,89,71,107,7,4566,195,596,973,650,168,20,86,24275,2800,1379,239,25280
2020.04.30,31,42,580,84,7779,64,64,67,227,443,50,206,24087,6288,312,1190,27682,21,15,1,45,89,73,111,7,4711,202,624,989,675,173,22,89,24543,2878,1407,250,26049
2020.05.01,31,42,584,89,7866,68,66,69,236,452,52,211,24376,6481,323,1232,27967,24,15,1,45,90,77,119,7,4795,204,644,1007,717,179,23,91,24824,2956,1422,261,26683
2020.05.02,31,43,589,93,7959,69,69,75,240,462,52,218,24594,6575,335,1265,28236,24,16,1,45,92,81,122,7,4893,204,651,1007,744,185,23,93,25100,3029,1434,272,27381
2020.05.03,31,44,596,97,8034,71,72,77,245,473,53,220,24760,6649,340,1265,28710,25,16,1,46,92,82,124,7,4987,204,664,1023,771,189,24,94,25264,3104,1466,279,27965
2020.05.04,31,45,598,99,8128,76,73,79,248,481,55,230,24895,6692,351,1303,28884,25,16,1,46,96,84,125,8,5056,208,678,1063,780,193,24,96,25428,3188,1472,288,28218
2020.05.05,31,45,600,103,8223,77,78,80,252,490,55,240,25201,6831,363,1319,29079,26,16,1,46,96,85,132,8,5082,208,698,1063,803,197,25,97,25613,3260,1476,303,28490
2020.05.06,31,46,606,107,8304,78,78,83,257,497,55,246,25531,6996,373,1339,29315,26,17,1,46,96,86,136,8,5168,209,716,1074,827,200,25,98,25857,3333,1482,316,29216
2020.05.07,31,46,608,112,8380,84,84,85,262,500,55,252,25809,7119,383,1375,29684,26,17,1,48,98,88,143,8,5204,209,733,1089,858,203,25,99,26070,3413,1504,327,29863
2020.05.08,31,47,609,116,8451,90,84,86,270,506,56,255,25987,7266,392,1403,29958,27,18,1,49,100,89,145,8,5288,209,755,1105,876,206,26,99,26251,3473,1517,340,30321
2020.05.09,31,47,614,121,8525,98,88,86,273,512,56,260,26230,7369,405,1429,30201,28,18,1,49,100,90,152,8,5359,213,776,1114,898,209,26,100,26478,3541,1525,361,30900
2020.05.10,31,48,615,126,8596,101,90,87,276,516,60,265,26310,7395,413,1446,30395,28,18,1,50,101,91,161,8,5422,213,785,1126,926,213,26,101,26621,3614,1531,376,31175
2020.05.11,31,48,618,131,8668,107,91,90,280,519,60,267,26380,7417,421,1458,30560,28,18,1,50,101,91,169,9,5440,217,800,1135,952,215,26,102,26744,3679,1537,391,31392
2020.05.12,31,48,620,135,8733,112,93,91,282,524,61,271,26643,7533,425,1467,30739,28,18,1,50,101,91,175,9,5456,224,811,1144,972,218,26,102,26920,3740,1542,408,31579
2020.05.13,31,48,623,142,8778,116,95,91,283,528,61,275,26991,7634,430,1488,30911,29,18,1,50,102,92,182,9,5510,228,839,1163,1002,220,27,102,27104,3790,1560,425,32193
2020.05.14,31,49,624,146,8834,120,96,94,290,534,61,284,27074,7723,436,1497,31106,29,19,1,54,103,95,185,9,5562,229,861,1175,1016,222,27,103,27321,3836,1563,439,32640
2020.05.15,31,49,626,151,8877,123,99,94,293,538,62,287,27425,7824,442,1506,31368,29,19,1,54,103,95,194,9,5590,232,883,1184,1046,224,27,103,27459,3894,1588,456,32992
2020.05.16,31,49,628,156,8922,127,102,95,295,538,63,293,27555,7881,448,1518,31610,29,19,1,54,104,97,197,9,5643,232,907,1190,1056,225,27,103,27563,3942,1594,476,33342
2020.05.17,31,51,628,160,8952,129,108,95,296,543,63,297,27643,7914,451,1533,31763,29,19,1,55,104,98,207,9,5670,232,915,1203,1081,228,28,103,27650,3995,1601,497,33753
2020.05.18,31,51,629,165,8983,132,110,95,297,547,63,298,27711,7935,462,1543,31908,29,19,1,56,107,101,211,9,5680,232,925,1218,1097,230,28,104,27709,4054,1602,514,33820
2020.05.19,31,51,629,171,9020,132,112,95,297,548,63,300,27897,8007,467,1547,32007,29,19,1,59,107,104,215,9,5694,233,936,1231,1107,231,28,104,27778,4095,1602,535,33966
2020.05.20,31,51,632,175,9053,133,116,96,302,551,63,301,28022,8090,470,1561,32169,29,21,1,60,109,106,221,9,5715,233,948,1247,1126,234,28,104,27888,4147,1613,548,34466
2020.05.21,31,51,633,179,9083,135,120,96,304,554,63,304,28132,8147,473,1571,32330,29,21,1,60,109,110,228,9,5748,234,962,1263,1141,235,28,106,27940,4200,1629,564,34794
2020.05.22,31,51,633,185,9117,139,125,97,306,561,63,306,28215,8174,476,1583,32486,29,22,1,61,109,111,233,9,5775,234,972,1277,1151,237,28,106,28628,4256,1637,579,35067
2020.05.23,31,51,635,190,9158,141,126,99,312,561,63,306,28289,8216,482,1592,32616,29,22,1,61,109,112,237,9,5788,235,982,1289,1159,237,28,106,28678,4311,1637,588,35358
2020.05.24,31,51,639,194,9183,141,126,99,314,561,63,306,28332,8247,486,1604,32735,29,22,1,63,109,113,242,9,5811,235,993,1302,1170,238,28,106,28752,4355,1641,605,35578
2020.05.25,32,51,640,199,9216,143,130,99,315,562,63,307,28367,8257,491,1606,32785,29,22,1,63,110,113,250,9,5822,235,996,1316,1179,238,28,106,26834,4397,1641,617,35957
2020.05.26,32,51,641,204,9242,145,130,100,317,563,63,308,28432,8302,499,1606,32877,30,22,1,63,110,113,261,9,5830,235,1007,1330,1197,239,28,106,27117,4425,1641,623,36061
2020.05.27,33,51,643,208,9266,149,133,101,317,563,63,312,28530,8349,505,1615,32955,30,22,1,65,110,116,267,9,5856,235,1024,1342,1210,239,28,106,27118,4463,1647,644,36192
2020.05.28,33,51,645,214,9290,150,133,101,317,565,63,313,28596,8411,509,1631,33072,30,23,1,66,110,119,274,9,5871,235,1028,1356,1219,240,28,107,27119,4503,1647,658,36614
2020.05.29,33,51,668,219,9316,152,136,102,319,568,63,313,28662,8450,517,1639,33142,30,24,1,68,110,122,282,9,5903,236,1038,1369,1229,241,28,108,27121,4544,1654,669,36957
2020.05.30,33,51,668,224,9332,152,139,103,319,568,63,314,28714,8489,517,1645,33229,30,24,1,68,110,126,288,9,5931,236,1051,1383,1240,242,28,108,27125,4583,1656,679,37231
2020.05.31,33,51,668,229,9355,152,140,103,319,571,63,316,28771,8500,524,1650,33340,30,24,1,70,110,131,291,9,5951,236,1061,1396,1253,242,28,108,27127,4629,1656,696,37385
2020.06.01,33,51,668,235,9377,152,140,103,320,574,63,320,28802,8511,526,1650,33415,30,24,1,70,110,133,295,9,5956,236,1064,1410,1262,243,28,108,27127,4668,1656,708,37445
2020.06.02,33,51,668,240,9398,153,144,103,321,576,63,320,28833,8522,532,1650,33475,30,24,1,70,110,140,307,9,5962,236,1074,1424,1279,244,28,108,27127,4704,1656,718,37531
2020.06.03,33,51,669,243,9421,156,144,103,323,580,63,320,28940,8551,534,1658,33530,30,24,1,71,110,141,307,9,5967,237,1092,1436,1279,245,28,108,27128,4732,1656,727,37780
2020.06.04,33,51,670,248,9441,156,147,103,324,580,63,321,29021,8581,534,1659,33601,30,24,1,71,110,145,310,9,5977,237,1115,1447,1288,245,28,108,27133,4775,1659,735,38034
2020.06.05,33,51,670,253,9455,158,147,103,326,582,63,322,29065,8613,539,1664,33689,30,25,1,71,110,147,315,9,5990,238,1117,1455,1299,246,28,108,27134,4812,1659,747,38164
2020.06.06,33,51,672,259,9467,158,160,103,327,586,63,322,29111,8646,542,1670,33774,30,25,1,71,110,149,323,9,6005,238,1137,1465,1308,247,28,108,27135,4841,1659,762,38422
2020.06.07,34,51,672,263,9478,158,160,104,327,587,63,322,29142,8668,542,1670,33846,30,25,1,71,110,151,331,9,6011,238,1153,1474,1318,248,28,108,27136,4874,1660,777,38565
2020.06.08,34,51,672,269,9490,159,160,104,327,589,63,323,29155,8674,542,1679,33899,31,25,1,71,110,153,341,9,6013,238,1157,1479,1326,249,28,108,27136,4912,1660,788,38619
2020.06.09,34,51,672,276,9499,159,164,104,328,593,63,323,29209,8711,548,1683,33964,31,26,1,71,110,156,353,9,6016,239,1166,1485,1334,250,28,108,27136,4945,1660,797,38666
2020.06.10,34,51,672,282,9511,159,167,106,328,593,63,324,29296,8729,550,1691,34043,31,26,1,72,110,157,365,9,6031,239,1183,1492,1345,250,28,108,27136,4985,1662,810,38861
2020.06.11,34,51,673,288,9523,160,167,106,328,593,63,324,29319,8755,551,1695,34114,31,26,1,74,110,164,371,9,6042,239,1206,1495,1360,251,28,109,27136,5020,1674,833,39025
2020.06.12,35,51,674,293,9530,160,168,106,329,593,63,325,29346,8763,553,1703,34167,31,26,1,74,110,169,375,9,6044,242,1215,1504,1369,252,28,109,27136,5049,1674,854,39101
2020.06.13,36,51,675,298,9540,162,172,107,329,594,63,325,29374,8781,555,1705,34223,31,27,1,74,110,171,385,9,6053,242,1222,1505,1380,252,28,109,27136,5082,1676,870,39232
2020.06.14,36,51,677,303,9545,163,172,107,329,597,63,325,29398,8787,559,1705,34301,32,28,1,75,110,179,398,9,6057,242,1237,1512,1391,253,28,109,27136,5109,1676,880,39339
2020.06.15,36,51,677,308,9548,163,174,107,329,597,63,326,29407,8791,563,1706,34345,33,28,1,75,110,188,406,9,6059,242,1247,1517,1410,254,28,109,27136,5139,1676,889,39366
2020.06.16,36,51,678,312,9556,164,176,107,330,598,63,326,29436,8800,565,1706,34371,33,28,1,76,110,193,411,9,6065,242,1256,1520,1427,255,28,109,27136,5167,1676,901,39395
2020.06.17,37,52,681,318,9563,167,181,107,331,598,63,326,29547,8830,567,1709,34405,34,28,1,76,110,201,423,9,6070,242,1272,1522,1437,256,28,109,27136,5199,1677,912,39515
2020.06.18,38,52,687,324,9570,167,184,107,333,598,63,326,29575,8856,568,1710,34448,34,30,1,76,110,210,433,9,6074,243,1286,1523,1451,257,28,109,27136,5228,1677,943,39625
2020.06.19,39,52,688,331,9575,167,190,107,334,600,63,326,29603,8872,568,1714,34514,34,30,1,76,110,216,444,9,6078,244,1316,1524,1473,258,28,109,28315,5258,1677,966,39692
2020.06.20,42,52,688,333,9579,168,193,107,335,600,63,326,29617,8882,570,1714,34561,34,30,1,76,110,222,450,9,6081,244,1334,1527,1484,259,28,109,28322,5287,1677,985,39776
2020.06.21,43,52,688,343,9582,169,199,107,336,600,63,326,29633,8882,570,1715,34610,35,30,1,76,110,233,464,9,6089,244,1346,1528,1500,260,28,109,28323,5309,1677,994,39847
2020.06.22,44,52,690,346,9591,169,199,107,336,600,63,326,29640,8885,572,1715,34634,36,30,1,76,110,238,473,9,6090,244,1356,1530,1512,261,28,109,28324,5329,1679,1002,39878
2020.06.23,44,52,690,351,9603,170,207,107,336,602,63,327,29663,8895,573,1717,34657,37,30,1,76,110,247,480,9,6090,248,1359,1534,1523,262,28,109,28325,5354,1679,1012,39892
2020.06.24,45,52,693,357,9607,171,208,107,339,603,63,327,29720,8914,573,1720,34675,38,30,1,77,110,251,490,9,6095,248,1375,1540,1539,263,28,111,28327,5376,1679,1035,39986
2020.06.25,47,52,693,362,9610,172,209,107,343,603,63,327,29731,8927,576,1726,34644,40,30,1,78,110,259,495,9,6097,249,1396,1543,1555,263,28,111,28330,5399,1681,1051,40073
2020.06.26,49,52,698,367,9615,174,211,107,345,603,63,327,29752,8948,577,1727,34678,42,30,1,78,110,265,502,9,6100,249,1412,1549,1565,264,28,111,28338,5410,1681,1067,40172
2020.06.27,51,52,698,373,9617,177,215,107,345,604,63,328,29778,8954,578,1730,34708,44,30,1,78,110,268,515,9,6103,249,1429,1555,1579,265,28,111,28341,5424,1681,1086,40249
2020.06.28,53,52,700,377,9625,179,216,107,347,604,63,328,29778,8957,578,1734,34716,48,30,1,78,110,277,521,9,6105,249,1435,1561,1589,267,28,111,28343,5447,1681,1110,40289
2020.06.29,55,52,702,383,9630,182,219,107,348,604,63,328,29778,8961,581,1735,34738,49,30,1,78,110,286,530,11,6105,249,1438,1564,1612,270,28,111,28346,5463,1681,1129,40320
2020.06.30,58,52,703,387,9633,183,223,107,348,605,63,328,29813,8973,585,1735,34744,49,30,1,78,110,298,536,11,6107,249,1444,1568,1634,274,28,111,28355,5483,1681,1147,40341
2020.07.01,62,52,705,392,9641,185,230,107,349,605,63,328,29843,8985,585,1736,34767,51,30,1,78,110,302,545,12,6113,250,1463,1576,1651,277,28,111,28363,5498,1683,1159,40394
2020.07.02,65,52,705,398,9643,187,232,108,349,606,63,328,29861,8994,586,1738,34788,54,30,1,78,110,306,549,12,6115,251,1477,1579,1667,281,28,111,28368,5513,1684,1173,40491
2020.07.03,69,52,705,405,9648,188,232,110,351,606,63,328,29875,9003,587,1738,34818,55,30,1,78,110,321,560,13,6118,251,1492,1587,1687,287,28,111,28385,5521,1685,1185,40532
2020.07.04,72,52,705,412,9650,190,239,112,352,606,63,328,29893,9010,588,1740,34833,55,30,1,79,110,321,572,13,6120,251,1507,1598,1708,298,28,111,28385,5536,1685,1212,40581
2020.07.05,74,52,705,418,9653,190,241,113,351,606,63,328,29893,9012,589,1741,34854,55,30,1,79,110,334,580,14,6126,251,1512,1605,1731,306,28,111,28385,5545,1685,1227,40613
2020.07.06,76,52,706,423,9655,193,246,113,348,606,63,328,29893,9016,589,1741,34861,66,30,1,79,110,341,585,14,6127,251,1517,1614,1750,311,28,111,28388,5560,1685,1249,40632
2020.07.07,79,52,706,429,9656,196,250,113,350,607,63,328,29920,9024,589,1741,34869,75,30,1,79,110,346,595,14,6128,251,1521,1620,1768,317,28,111,28392,5572,1685,1262,40643
2020.07.08,81,52,706,436,9659,206,254,113,351,609,63,328,29933,9036,589,1743,34899,79,30,1,79,110,351,603,17,6132,251,1528,1629,1799,330,28,111,28396,5583,1685,1283,40697
2020.07.09,83,52,706,443,9660,207,259,114,351,609,63,328,29965,9048,589,1743,34914,82,30,1,79,110,359,614,17,6135,251,1542,1631,1817,341,28,111,28401,5598,1685,1306,40754
2020.07.10,83,52,706,449,9662,213,262,115,352,609,63,328,29979,9054,591,1743,34926,86,30,1,79,110,361,624,19,6135,252,1551,1644,1834,352,28,111,28403,5612,1685,1327,40785
2020.07.11,85,52,706,454,9662,215,262,117,352,609,63,328,30004,9060,593,1744,34938,94,30,1,79,110,367,635,19,6135,252,1562,1646,1847,370,28,111,28403,5622,1685,1345,40819
2020.07.12,89,52,706,459,9664,218,262,118,352,609,63,328,30004,9063,595,1746,34945,101,30,1,79,110,375,640,23,6135,252,1568,1654,1871,382,28,111,28403,5630,1685,1372,40836
2020.07.13,93,52,708,464,9668,220,268,119,352,609,63,328,30004,9064,595,1746,34954,102,30,1,79,111,382,642,23,6135,252,1571,1660,1884,393,28,111,28406,5642,1685,1383,40845
2020.07.14,95,52,708,468,9668,224,276,119,353,610,63,328,30029,9068,595,1746,34967,108,31,1,79,111,385,649,24,6135,253,1576,1662,1901,405,28,111,28409,5650,1685,1398,40855
2020.07.15,97,52,709,474,9671,225,283,119,355,610,63,328,30029,9071,595,1746,34984,108,31,1,79,111,389,658,25,6135,253,1588,1668,1931,418,28,111,28413,5656,1687,1412,40899
2020.07.16,101,52,710,480,9676,233,289,119,355,610,63,328,30120,9078,595,1748,34997,112,31,1,79,111,393,659,25,6136,253,1594,1676,1952,429,28,111,28416,5662,1687,1427,40925
2020.07.17,104,52,710,485,9681,239,293,119,355,610,63,328,30138,9082,595,1749,35017,112,31,1,79,111,401,666,26,6136,254,1605,1679,1971,442,28,111,28420,5669,1687,1445,40949
2020.07.18,107,52,710,491,9683,243,297,120,358,611,63,328,30152,9083,595,1752,35028,124,31,1,79,111,406,675,26,6136,255,1612,1682,1988,452,28,111,28420,5680,1687,1456,40975
2020.07.19,111,52,710,495,9686,245,299,120,358,611,63,328,30152,9084,596,1753,35042,130,31,1,80,111,414,680,28,6136,255,1618,1684,2009,461,28,111,28420,5687,1687,1477,40984
2020.07.20,112,52,710,499,9687,250,300,120,359,611,63,328,30152,9086,596,1753,35045,135,31,1,80,111,422,684,30,6136,255,1624,1689,2026,472,28,111,28422,5693,1687,1485,40995
2020.07.21,113,52,710,503,9689,256,308,122,359,611,63,328,30165,9090,596,1753,35058,139,31,1,80,111,432,695,32,6136,255,1627,1691,2038,482,28,111,28424,5700,1687,1498,41005
2020.07.22,117,52,710,507,9690,261,313,122,360,611,63,328,30165,9095,596,1753,35073,139,31,1,80,111,432,707,35,6136,255,1636,1697,2074,491,28,111,28426,5706,1690,1518,41030
2020.07.23,120,52,711,513,9692,267,321,125,364,611,63,328,30172,9101,596,1754,35082,150,31,1,80,111,442,712,35,6139,255,1642,1702,2101,499,28,115,28429,5711,1692,1534,41047
2020.07.24,123,52,711,519,9694,272,329,128,365,612,63,328,30182,9111,596,1763,35092,158,31,1,80,112,445,719,39,6139,255,1651,1705,2126,508,28,115,28432,5714,1693,1551,41056
2020.07.25,128,52,711,519,9699,274,337,128,368,613,63,329,30192,9118,596,1763,35097,164,31,1,80,112,451,726,40,6139,255,1655,1712,2150,518,28,115,28432,5715,1699,1571,41088
2020.07.26,134,52,712,530,9700,278,338,133,368,613,63,329,30192,9118,596,1763,35102,169,31,1,80,112,460,732,40,6140,255,1664,1716,2165,526,28,115,28432,5717,1699,1590,41103
2020.07.27,138,52,712,534,9702,283,340,136,371,613,63,329,30192,9118,596,1763,35107,169,31,1,80,112,460,735,40,6140,255,1671,1717,2187,534,28,115,28434,5723,1700,1605,41111
2020.07.28,144,52,713,538,9706,294,347,139,373,613,63,329,30209,9122,596,1763,35112,185,31,1,80,112,466,748,43,6140,255,1676,1719,2206,543,28,117,28436,5727,1700,1616,41114
2020.07.29,148,52,713,543,9707,297,355,140,373,613,63,329,30223,9128,596,1763,35123,192,31,1,80,113,471,753,45,6140,255,1682,1722,2239,551,28,117,28441,5728,1702,1629,41135
2020.07.30,150,52,716,548,9710,297,368,141,374,614,63,329,30238,9134,596,1763,35129,196,31,1,80,114,476,759,47,6140,255,1694,1725,2269,558,28,117,28443,5728,1702,1650,41169
2020.07.31,154,52,718,553,9712,328,374,144,379,615,63,329,30254,9141,596,1763,35132,212,31,1,80,114,480,771,48,6140,255,1709,1727,2304,565,28,117,28445,5730,1703,1673,41169
2020.08.01,157,52,718,559,9715,328,383,145,382,615,63,329,30265,9141,596,1763,35141,227,32,1,80,114,486,778,49,6140,255,1716,1735,2343,573,29,117,28445,5732,1703,1693,41189
2020.08.02,161,52,718,563,9717,335,385,145,383,615,63,329,30265,9141,597,1763,35146,236,32,1,80,114,493,788,50,6140,255,1721,1737,2379,582,29,117,28445,5735,1705,1709,41202
2020.08.03,166,52,718,567,9722,343,388,149,383,615,63,329,30265,9148,597,1763,35154,249,32,1,80,117,497,791,51,6140,255,1731,1738,2413,590,29,117,28472,5739,1705,1725,41207
2020.08.04,172,52,718,571,9725,347,388,153,383,616,63,329,30294,9156,597,1763,35166,256,32,1,80,118,500,800,52,6140,256,1732,1738,2432,598,29,117,28498,5741,1705,1738,41208
2020.08.05,176,52,719,574,9730,368,404,154,383,616,63,331,30296,9168,598,1763,35171,296,32,1,80,118,500,810,53,6141,256,1738,1739,2480,605,29,118,28499,5742,1705,1764,41226
2020.08.06,182,52,719,577,9735,374,415,154,388,616,63,331,30305,9175,599,1763,35181,284,32,1,81,118,505,823,57,6145,256,1756,1740,2521,614,29,118,28500,5746,1705,1788,41240
2020.08.07,188,52,719,580,9739,379,424,155,389,617,63,331,30312,9183,600,1768,35187,300,32,1,81,119,511,828,60,6145,256,1774,1743,2566,621,29,118,28503,5748,1708,1819,41258
2020.08.08,189,52,720,583,9745,394,435,155,389,617,63,331,30324,9195,602,1772,35190,303,32,1,81,119,519,835,61,6145,256,1787,1746,2616,626,31,119,28503,5749,1711,1852,41270
2020.08.09,193,52,721,585,9747,396,445,157,389,617,63,331,30324,9196,602,1772,35203,315,32,1,81,119,523,841,62,6148,256,1800,1750,2659,632,31,120,28503,5753,1711,1879,41273
2020.08.10,199,52,721,587,9752,402,447,157,389,617,63,331,30324,9197,602,1772,35205,327,32,1,81,119,527,845,64,6148,256,1807,1756,2700,641,31,120,28576,5755,1711,1922,41278
2020.08.11,200,52,723,589,9763,425,459,158,389,620,63,333,30340,9201,605,1772,35209,341,32,1,81,121,528,850,68,6148,256,1809,1759,2729,646,31,120,28581,5759,1711,1951,41296
2020.08.12,205,52,723,592,9776,447,471,160,391,621,63,333,30354,9207,605,1773,35215,354,32,1,81,122,528,857,71,6150,256,1821,1761,2764,652,31,120,28579,5762,1712,1970,41309
2020.08.13,208,53,724,595,9787,453,482,160,391,621,63,333,30371,9211,605,1774,35225,365,32,1,81,122,530,863,73,6152,256,1830,1764,2807,658,31,123,28605,5767,1713,1992,41329
2020.08.14,213,53,725,599,9799,458,484,161,391,621,63,333,30388,9225,607,1774,35231,373,32,1,81,122,532,878,73,6156,257,1844,1770,2860,661,31,124,28617,5768,1714,2011,41347
2020.08.15,219,53,725,603,9811,464,492,163,394,621,63,333,30406,9231,607,1774,35234,381,32,1,81,122,535,884,73,6158,261,1858,1772,2904,665,31,124,28617,5769,1714,2011,41358
2020.08.16,225,53,728,607,9820,469,495,165,395,621,63,333,30409,9231,607,1774,35392,390,32,1,81,123,539,895,75,6160,261,1869,1775,2954,670,31,124,28617,5769,1714,2044,41361
2020.08.17,228,53,728,610,9827,469,498,166,397,621,63,333,30410,9232,608,1774,35396,401,32,1,81,123,544,896,77,6163,261,1877,1778,2991,674,31,124,28646,5772,1715,2089,41366
2020.08.18,230,53,729,613,9834,475,512,166,399,621,63,334,30429,9236,609,1774,35400,410,32,1,81,124,545,908,80,6163,261,1885,1779,3029,677,31,124,28670,5776,1715,2116,41369
2020.08.19,232,53,729,617,9845,495,519,166,401,621,63,334,30451,9243,609,1775,35405,416,33,1,81,124,548,908,80,6166,262,1896,1784,3074,681,31,124,28797,5777,1716,2116,41381
2020.08.20,234,53,729,622,9854,507,527,168,404,621,63,334,30468,9253,609,1775,35412,425,33,1,81,124,550,914,80,6172,262,1913,1786,3106,684,33,125,28813,5779,1718,2144,41397
2020.08.21,238,53,729,627,9858,515,532,168,406,621,63,334,30480,9260,609,1776,35418,438,33,1,82,124,550,921,81,6182,264,1925,1788,3154,689,33,125,28838,5784,1718,2184,41403
2020.08.22,240,53,730,632,9861,520,539,169,411,621,63,334,30503,9267,611,1776,35427,448,33,1,83,124,556,929,82,6186,264,1938,1792,3196,692,33,127,28838,5785,1718,2207,41405
2020.08.23,245,53,732,637,9866,520,545,170,411,621,63,334,30512,9269,611,1777,35430,457,33,1,84,124,556,935,84,6191,264,1951,1794,3233,695,33,127,28838,5788,1719,2244,41423
2020.08.24,250,53,732,642,9869,529,545,171,412,621,63,334,30513,9272,613,1777,35437,467,33,1,84,124,563,940,84,6191,264,1955,1796,3272,698,33,127,28872,5789,1719,2271,41429
2020.08.25,254,53,733,646,9874,540,563,173,415,623,64,335,30528,9277,613,1777,35441,480,33,1,85,124,564,945,84,6193,264,1960,1801,3309,701,33,128,28924,5790,1720,2293,41433
2020.08.26,259,53,733,652,9879,554,572,175,416,623,64,335,30544,9280,614,1777,35445,488,33,1,85,124,568,960,87,6198,264,1977,1805,3367,705,33,128,28971,5792,1722,2318,41449
2020.08.27,263,53,733,657,9883,571,586,175,418,623,64,335,30544,9285,614,1777,35458,492,33,1,85,124,573,967,88,6206,264,1994,1807,3421,707,33,128,28996,5793,1722,2403,41465
2020.08.28,266,53,733,662,9886,582,594,177,418,624,64,335,30576,9288,614,1777,35463,498,34,1,85,124,584,977,89,6209,264,2010,1809,3459,707,33,128,29011,5794,1723,2403,41477
2020.08.29,271,53,733,667,9890,585,603,180,419,624,64,335,30596,9289,614,1777,35472,499,34,1,86,124,584,981,92,6211,264,2018,1815,3507,709,33,128,29011,5795,1724,2438,41486
2020.08.30,275,53,733,671,9896,588,605,183,421,624,64,335,30602,9295,614,1777,35473,508,34,1,86,124,584,990,93,6215,264,2032,1818,3539,710,33,128,29011,5798,1724,2492,41498
2020.08.31,280,53,733,676,9897,592,613,184,423,624,64,335,30606,9298,614,1777,35477,516,34,1,86,124,584,992,98,6215,264,2033,1819,3578,711,33,128,29094,5800,1724,2527,41499
2020.09.01,284,53,733,681,9900,609,629,186,424,624,64,335,30635,9302,615,1777,35483,525,34,1,86,124,600,995,100,6215,264,2039,1822,3621,713,33,128,29152,5803,1725,2557,41501
2020.09.02,290,53,734,686,9903,620,629,187,425,625,64,335,30661,9313,616,1777,35491,533,34,1,86,124,603,1008,102,6221,264,2058,1824,3681,715,33,128,29194,5805,1726,2605,41504
2020.09.03,296,53,734,691,9905,627,642,191,425,626,64,335,30686,9321,619,1777,35497,539,34,1,86,124,604,1024,104,6226,264,2078,1827,3721,716,33,128,29234,5807,1726,2656,41514
2020.09.04,301,53,735,696,9909,636,648,194,426,626,64,335,30686,9322,620,1777,35507,548,34,1,86,124,606,1036,104,6226,264,2092,1829,3765,718,37,129,29418,5807,1730,2710,41527
2020.09.05,306,53,735,701,9911,639,658,195,429,627,64,335,30686,9324,621,1777,35518,551,35,1,86,124,606,1047,106,6228,264,2100,1833,3812,721,37,129,29418,5807,1731,2723,41537
2020.09.06,312,53,735,705,9912,639,665,197,431,627,64,336,30698,9325,624,1777,35534,556,35,1,86,124,606,1063,107,6232,264,2113,1838,3850,723,37,130,29418,5810,1731,2811,41549
2020.09.07,316,53,736,711,9914,639,671,198,436,627,64,336,30701,9325,624,1777,35541,563,35,1,86,124,606,1063,108,6234,264,2120,1840,3893,724,37,130,29516,5811,1732,2811,41551
2020.09.08,319,53,746,716,9918,664,677,201,437,628,64,336,30726,9329,625,1777,35553,568,35,1,86,124,617,1074,109,6234,264,2124,1843,3926,725,37,130,29594,5812,1734,2877,41554
2020.09.09,321,53,747,721,9921,669,692,203,441,628,64,336,30764,9338,626,1778,35563,568,35,1,86,124,623,1087,112,6235,264,2136,1846,3967,727,37,130,29628,5814,1734,2979,41586
2020.09.10,322,53,747,726,9923,675,702,206,444,628,64,337,30794,9341,628,1781,35577,574,35,1,86,124,631,1096,114,6237,264,2147,1849,4018,728,37,131,29699,5816,1734,2979,41594
2020.09.11,324,53,748,732,9926,680,706,208,448,629,64,337,30813,9342,630,1781,35587,581,35,1,86,124,634,1106,114,6240,265,2159,1852,4065,729,37,131,29747,5820,1736,3076,41608
2020.09.12,327,53,750,738,9931,686,713,211,450,629,64,337,30893,9347,631,1781,35597,586,35,1,86,124,637,1114,115,6243,265,2169,1855,4100,730,37,131,29747,5821,1739,3076,41614
2020.09.13,330,53,754,744,9932,686,717,218,453,629,64,337,30910,9349,633,1783,35603,589,35,1,86,124,642,1118,118,6244,265,2182,1860,4127,731,38,131,29747,5823,1742,3103,41623
2020.09.14,334,53,756,750,9933,689,720,224,456,629,64,337,30916,9350,637,1784,35610,596,35,1,87,124,646,1123,120,6245,265,2188,1867,4163,733,38,131,29848,5825,1746,3178,41628
2020.09.15,338,53,757,756,9937,698,730,227,465,633,64,339,30950,9362,642,1784,35624,600,35,1,87,124,648,1130,121,6247,265,2203,1871,4185,733,38,131,30004,5826,1746,3211,41637
2020.09.16,340,53,757,761,9940,718,736,230,476,633,64,339,30999,9368,654,1787,35633,601,35,1,87,124,661,1144,123,6249,265,2227,1875,4236,735,38,131,30243,5828,1747,3340,41664
2020.09.17,343,53,758,767,9942,729,744,236,482,633,64,339,31045,9371,663,1788,35645,604,35,1,87,124,668,1159,126,6251,265,2237,1878,4285,736,38,131,30405,5829,1754,3340,41684
2020.09.18,348,53,758,771,9943,741,744,238,489,635,64,339,31095,9378,669,1789,35658,607,36,1,87,124,675,1170,129,6257,266,2253,1888,4312,738,39,131,30495,5830,1762,3400,41705
2020.09.19,353,53,763,773,9949,746,753,244,495,635,64,339,31249,9384,675,1792,35668,611,36,1,87,124,683,1186,133,6264,267,2270,1894,4360,739,39,133,30495,5831,1764,3468,41732
2020.09.20,358,53,765,776,9957,752,755,244,499,635,64,339,31274,9386,683,1792,35692,611,36,1,87,124,689,1201,134,6266,267,2282,1899,4402,740,39,133,30495,5835,1764,3516,41759
2020.09.21,362,53,766,780,9960,757,761,248,503,635,64,339,31285,9386,686,1792,35707,613,36,1,87,124,693,1203,136,6270,267,2293,1912,4435,741,39,133,30663,5837,1764,3557,41777
2020.09.22,364,53,767,785,9963,763,765,253,522,640,64,341,31338,9396,694,1792,35724,615,36,1,87,124,700,1211,138,6272,267,2298,1920,4458,743,39,133,30904,5838,1769,3583,41788
2020.09.23,367,53,771,791,9964,778,767,255,531,641,64,341,31416,9409,702,1792,35738,615,36,1,87,124,705,1230,146,6282,267,2316,1925,4503,743,40,133,31034,5838,1772,3642,41825
2020.09.24,370,53,777,796,9972,790,779,257,555,643,64,343,31459,9428,709,1794,35758,616,36,1,87,124,710,1244,151,6287,267,2344,1928,4550,744,41,133,31118,5839,1772,3705,41862
2020.09.25,370,53,783,802,9976,802,785,261,567,645,64,343,31511,9443,718,1797,35781,616,36,1,89,124,712,1252,154,6303,270,2369,1931,4591,745,41,135,31232,5843,1776,3757,41902
2020.09.26,373,53,786,807,9981,808,789,266,581,647,64,343,31661,9452,730,1797,35801,617,36,1,89,124,721,1264,155,6319,270,2392,1936,4633,746,41,135,31232,5845,1777,3827,41936
2020.09.27,375,53,787,813,9987,808,789,269,591,648,64,343,31700,9457,736,1802,35818,619,36,1,89,124,722,1279,158,6357,270,2424,1944,4687,746,44,136,31232,5846,1778,3903,41971
2020.09.28,377,53,787,818,9999,810,796,272,606,649,64,343,31727,9460,749,1802,35835,622,36,1,91,124,725,1287,158,6365,270,2432,1953,4718,747,44,136,31411,5847,1778,3959,41988
2020.09.29,380,53,790,822,10012,822,807,272,618,649,64,343,31808,9471,757,1802,35851,625,36,1,92,124,729,1301,163,6371,274,2447,1957,4748,748,44,136,31614,5849,1779,3996,42001
2020.09.30,384,53,796,828,10022,836,814,275,636,650,64,343,31893,9488,765,1803,35875,625,37,1,92,124,737,1310,164,6384,274,2483,1963,4792,749,45,138,31791,5853,1781,4065,42072
2020.10.01,387,53,799,833,10028,849,825,280,655,650,64,344,31956,9500,781,1804,35894,625,37,1,92,124,739,1320,169,6397,274,2513,1971,4825,749,48,138,31973,5854,1782,4129,42143
2020.10.02,388,53,802,839,10043,854,832,284,678,651,65,344,32019,9508,798,1806,35918,627,37,1,92,125,743,1336,170,6410,274,2543,1977,4862,750,48,138,32086,5857,1783,4193,42202
2020.10.03,389,53,803,844,10054,854,838,291,699,652,66,345,32155,9527,812,1801,35941,627,38,1,93,125,749,1344,172,6419,275,2570,1983,4915,751,54,140,32086,5860,1783,4261,42268
2020.10.04,392,53,809,851,10069,864,841,293,711,654,67,345,32198,9529,822,1810,35968,630,38,1,94,125,753,1353,174,6440,275,2604,1995,4947,753,54,140,32086,5863,1783,4353,42317
2020.10.05,396,53,813,857,10083,871,844,298,727,658,67,345,32230,9534,833,1810,35986,630,38,1,94,125,753,1366,179,6445,275,2604,1995,4947,754,55,140,32225,5865,1783,4397,42350
2020.10.06,400,53,818,862,10097,888,854,300,758,659,67,346,32299,9546,853,1810,36002,630,39,1,94,127,760,1375,182,6452,275,2659,2018,5048,754,55,140,32486,5869,1786,4430,42369
2020.10.07,403,53,840,868,10115,903,862,304,794,663,67,346,32365,9562,877,1811,36030,635,39,1,99,128,768,1389,188,6473,275,2717,2032,5121,757,55,141,32562,5872,1786,4520,42445
2020.10.08,407,53,844,874,10135,908,873,309,829,663,67,346,32445,9578,898,1816,36061,638,40,1,101,128,772,1406,190,6509,275,2792,2040,5203,758,55,141,32688,5873,1786,4597,42515
2020.10.09,411,54,853,880,10155,913,880,310,869,665,67,346,32521,9589,913,1817,36083,638,40,1,102,129,775,1424,191,6522,275,2867,2050,5247,760,57,141,32929,5878,1790,4690,42592
2020.10.10,413,55,857,885,10174,919,887,313,905,665,68,346,32630,9604,933,1821,36111,641,40,1,103,130,781,1442,194,6535,275,2919,2062,5299,761,57,141,32929,5883,1793,4690,42679
2020.10.11,416,55,858,885,10196,920,887,317,995,667,68,346,32684,9615,954,1821,36140,645,40,1,103,130,785,1458,198,6558,275,2972,2067,5358,762,61,141,32929,5885,1793,4887,42760
2020.10.12,420,55,864,896,10222,921,892,324,1034,669,68,346,32730,9621,968,1826,36166,647,40,1,103,130,792,1461,202,6575,275,3004,2080,5411,763,61,142,33124,5888,1793,4972,42825
2020.10.13,424,57,869,901,10258,930,915,327,1051,671,68,346,32825,9634,996,1827,36205,648,40,1,103,133,797,1478,211,6587,276,3039,2094,5467,765,61,144,33204,5889,1800,5015,42875
2020.10.14,429,57,879,906,10292,943,923,330,1106,674,68,346,32933,9677,1023,1830,36246,649,41,1,106,133,800,1495,213,6622,277,3101,2110,5535,767,61,147,33413,5891,1807,5133,43018
2020.10.15,434,59,888,911,10333,955,929,334,1172,675,68,350,33037,9710,1052,1835,36289,650,41,1,109,133,809,1514,217,6654,277,3217,2117,5601,768,66,148,33553,5894,1814,5229,43155
2020.10.16,439,59,894,916,10368,970,944,344,1230,677,68,350,33125,9734,1085,1838,36372,650,41,1,110,133,815,1530,221,6683,278,3308,2128,5674,770,71,153,33775,5896,1817,5302,43293
2020.10.17,443,59,901,921,10404,978,958,345,1283,677,68,351,33303,9767,1109,1841,36427,652,42,1,112,133,821,1549,228,6699,278,3440,2149,5749,772,71,153,33775,5900,1822,5408,43429
2020.10.18,448,59,907,921,10427,980,968,355,1352,679,68,351,33392,9777,1142,1849,36474,652,42,1,113,133,824,1569,231,6728,278,3524,2162,5812,774,82,153,33775,5901,1822,5517,43579
2020.10.19,451,59,910,929,10458,984,986,363,1422,680,68,351,33477,9789,1173,1852,36543,653,42,1,113,133,834,1584,236,6751,278,3573,2181,5872,776,88,161,33992,5905,1823,5673,43646
2020.10.20,454,62,919,933,10510,997,1008,374,1513,686,68,351,33623,9836,1211,1852,36616,656,42,1,113,133,846,1601,240,6759,278,3614,2198,5931,778,92,164,34210,5909,1837,5786,43726
2020.10.21,458,62,927,937,10562,1017,1019,382,1619,688,71,351,33885,9875,1259,1865,36705,657,46,1,118,136,850,1617,247,6804,278,3721,2213,5996,780,98,166,34366,5912,1844,5786,43967
2020.10.22,462,63,940,941,10624,1031,1048,393,1739,690,71,353,34048,9905,1305,1868,36832,657,48,1,120,138,862,1630,250,6863,279,3851,2229,6065,780,98,167,34521,5921,1855,5927,44158
2020.10.23,465,63,957,945,10679,1051,1064,406,1845,694,71,353,34210,9954,1352,1871,36968,657,49,1,125,140,874,1641,253,6909,279,4019,2245,6163,783,115,174,34752,5928,1866,6043,44347
2020.10.24,469,69,972,945,10773,1065,1077,413,1971,697,73,353,34508,10003,1390,1878,37059,659,50,1,126,141,883,1655,255,6954,279,4172,2276,6245,786,134,179,34752,5936,1876,6164,44571
2020.10.25,473,69,978,953,10866,1071,1084,429,2077,700,73,353,34645,10032,1425,1882,37210,661,54,1,129,144,897,1669,263,7009,279,4351,2297,6318,789,159,181,34752,5944,1876,6289,44745
2020.10.26,477,69,984,957,10960,1086,1094,437,2201,702,73,353,34761,10056,1472,1882,37338,663,56,1,134,145,919,1685,266,7036,279,4438,2316,6391,792,159,183,35031,5955,1876,6391,44896
2020.10.27,480,72,988,961,11081,1104,1136,452,2365,708,73,354,35018,10098,1535,1885,37479,666,60,1,136,147,933,1700,270,7062,279,4483,2343,6470,793,165,188,35298,5964,1913,6464,44998
2020.10.28,487,72,1006,965,11213,1125,1161,470,2547,709,73,354,35541,10183,1578,1890,37700,669,63,1,141,147,933,1710,275,7132,280,4615,2371,6574,798,176,192,35466,5973,1929,6590,45365
2020.10.29,493,72,1040,969,11355,1161,1197,493,2675,715,73,354,35785,10272,1634,1896,37905,673,63,1,144,147,963,1729,282,7192,280,4851,2395,6681,803,184,205,35639,5982,1953,6755,45675
2020.10.30,499,73,1064,973,11494,1182,1225,511,2862,716,73,354,36020,10349,1699,1902,38122,674,64,1,150,150,977,1747,290,7248,281,5149,2428,6764,809,200,215,35878,5991,1984,6868,45955
2020.10.31,502,75,1079,977,11679,1212,1254,531,3078,719,73,358,36565,10452,1750,1908,38321,678,69,2,157,152,982,1766,294,7335,282,5351,2468,6867,814,212,225,35878,6003,2035,7041,46229
2020.11.01,509,75,1097,980,11856,1234,1279,546,3251,721,73,358,36788,10481,1819,1913,38618,681,71,3,165,157,994,1785,301,7385,282,5631,2507,6968,820,219,231,35878,6025,2035,7196,46555
2020.11.02,518,75,1114,985,12017,1248,1298,562,3429,723,73,358,37019,10530,1889,1915,38826,688,74,3,166,160,1004,1800,313,7424,282,5783,2544,7067,826,219,236,36257,6045,2035,7306,46717
2020.11.03,527,75,1135,989,12224,1280,1349,594,3654,724,73,359,37435,10661,1973,1917,39059,697,77,3,170,160,1025,1818,320,7453,282,5875,2590,7153,833,219,251,36495,6064,2128,7375,46853
2020.11.04,532,75,1169,992,12396,1317,1412,628,3913,728,73,359,38289,10812,2063,1922,39412,705,79,3,175,167,1049,1838,322,7566,282,6102,2635,7273,844,235,282,38118,6085,2200,7532,47250
2020.11.05,536,75,1204,995,12594,1358,1466,654,4133,729,73,361,38674,10930,2147,1930,39764,714,85,3,182,171,1071,1851,326,7672,282,6475,2694,7419,850,261,321,38486,6107,2272,7731,47742
2020.11.06,543,75,1251,998,12800,1402,1518,683,4330,733,73,361,39037,11096,2250,1933,40192,720,88,3,186,177,1084,1866,328,7759,284,6842,2740,7540,861,286,341,38833,6132,2334,7924,48120
2020.11.07,549,75,1295,1001,13014,1457,1576,717,4526,738,73,362,39865,11226,2357,1940,40638,732,95,3,192,180,1096,1882,328,7877,285,7287,2792,7663,871,317,353,38833,6158,2404,8125,48475
2020.11.08,557,75,1318,1004,13222,1490,1632,752,4681,740,73,362,40169,11289,2438,1945,41063,744,96,3,203,185,1110,1891,333,7950,285,7636,2848,7793,880,351,378,38833,6178,2404,8312,48888
2020.11.09,559,75,1335,1007,13432,1510,1665,794,4858,743,75,362,40439,11352,2493,1947,41394,755,99,3,207,185,1136,1893,337,7994,285,7872,2896,7879,890,351,382,39345,6212,2404,8450,49044
2020.11.10,571,75,1383,1011,13626,1583,1771,832,5074,747,76,363,40987,11506,2596,1948,41750,768,101,3,210,188,1156,1912,342,8033,285,8045,2959,8009,901,366,398,39756,6247,2573,8565,49238
2020.11.11,579,75,1418,1016,13843,1629,1851,865,5323,750,76,363,42207,11767,2697,1963,42330,773,103,4,221,193,1186,1930,349,8131,285,8375,3021,8186,915,390,410,40105,6272,2679,8756,49770
2020.11.12,590,75,1473,1022,14039,1701,1898,893,5570,753,76,365,42535,11982,2784,1965,42953,777,103,4,235,198,1212,1950,356,8205,285,8805,3103,8389,936,414,424,40461,6296,2765,8947,50365
2020.11.13,598,75,1510,1027,14212,1750,1970,925,5755,755,76,365,42960,12200,2883,1965,43589,784,107,4,244,206,1238,1969,364,8294,291,9080,3181,8510,955,464,437,40769,6325,2863,9145,50928
2020.11.14,605,75,1574,1033,14395,1808,2055,968,5926,756,80,369,43892,12378,2990,1972,44139,798,116,4,253,211,1263,1987,377,8347,294,9499,3250,8684,972,491,481,40769,6356,2956,9317,51304
2020.11.15,612,75,1629,1039,14569,1857,2091,1006,6058,757,80,369,44246,12485,3097,1978,44683,809,121,4,266,219,1281,2006,385,8432,294,10045,3305,8813,989,510,500,40769,6386,2956,9508,51766
2020.11.16,623,76,1679,1046,14758,1857,2130,1049,6208,760,81,369,44548,12547,3190,1979,45229,822,123,4,277,222,1305,2019,391,8475,294,10348,3381,8926,1009,510,511,41253,6418,2956,9603,51934
2020.11.17,631,76,1741,1053,14953,1973,2282,1082,6416,764,81,371,45054,12814,3281,1984,45733,833,126,7,285,226,1345,2035,396,8519,294,10491,3472,9075,1030,526,532,41688,6450,3153,9697,52147
2020.11.18,637,76,1815,1060,15105,2042,2413,1113,6558,768,84,371,46273,13119,3380,1995,46464,849,132,8,299,236,1376,2054,405,8604,298,10848,3553,9261,1054,557,556,42039,6489,3293,9856,52745
2020.11.19,646,76,1928,1067,15261,2089,2530,1151,6740,770,85,374,46698,13370,3472,2006,47217,860,137,8,323,240,1397,2072,414,8686,299,11451,3632,9429,1081,579,586,42291,6515,3377,10112,53274
2020.11.20,657,76,2018,1074,15431,2153,2649,1200,6874,773,86,374,47127,13630,3568,2010,47870,874,141,8,341,248,1423,2091,420,8759,305,12088,3701,9596,1110,579,609,42619,6542,3456,10369,53775
2020.11.21,672,76,2097,1081,15593,2209,2778,1257,7021,778,87,375,48265,13884,3689,2018,48569,885,146,8,357,254,1462,2111,429,8810,306,12714,3762,9756,1140,614,644,42619,6566,3567,10813,54286
2020.11.22,685,76,2155,1089,15729,2249,2820,1304,7095,781,87,375,48518,14022,3800,2022,49261,904,153,8,374,260,1487,2130,434,8858,306,13288,3824,9916,1168,644,657,42619,6598,3567,10813,54626
2020.11.23,699,76,2199,1096,15864,2276,2880,1353,7196,784,88,375,48732,14112,3891,2022,49823,914,153,8,386,262,1511,2149,439,8879,306,13618,3897,10047,1199,671,663,43131,6631,3567,10813,54751
2020.11.24,716,76,2293,1104,16000,2342,3069,1398,7360,789,92,384,49232,14361,4008,2022,50453,926,162,8,392,266,1546,2169,444,8933,311,13774,3971,10177,1237,693,690,43668,6652,3780,11075,55230
2020.11.25,735,76,2408,1112,16113,2394,3226,1445,7499,797,94,384,50237,14771,4114,2028,51306,939,175,13,409,273,1561,2188,450,9023,314,14314,4056,10373,1274,709,725,44037,6662,3930,11263,55838
2020.11.26,743,76,2502,1119,16248,2429,3367,1501,7611,802,97,388,50618,15160,4229,2033,52028,948,184,14,432,283,1600,2209,459,9096,316,14988,4127,10541,1315,732,777,44374,6665,4016,11492,56533
2020.11.27,753,76,2616,1128,16359,2480,3529,1552,7779,811,99,388,50957,15586,4364,2036,52850,963,188,14,449,288,1630,2229,469,9171,316,15568,4209,10712,1366,749,855,44668,6681,4095,11717,57031
2020.11.28,771,76,2764,1136,,2542,3680,1600,7967,816,104,393,51914,15965,4516,2043,53677,975,190,15,482,300,1658,2250,474,9254,328,16147,4276,10884,1423,771,883,44668,,4236,11909,57551
2020.11.29,787,76,2822,1143,,2542,3749,1655,8054,823,109,393,52127,16123,4672,2050,54363,989,193,15,493,300,1699,2269,481,9313,328,16746,4363,11045,1484,798,913,,,4236,11909,58030
